Municipio;Qtde;Principal
1100015;33500;Mandioca
1100023;50950;Batata
1100056;1504000;Cana-de-acucar
1100064;11320;Mandioca
1100072;625000;Cana-de-acucar
1100114;1600;Feijao
1100122;1112;Feijao
1100130;2550000;Cana-de-acucar
1100189;79200;Milho
1100205;3285000;Cana-de-acucar
1100254;55000;Batata
1100262;114920;Batata
1100288;54703;Laranja
1100304;62700;Soja
1100320;1980000;Cana-de-acucar
1100403;1617786;Cana-de-acucar
1100502;55500;Milho
1100601;1050;Feijao
1100700;5495;Café
1100908;8910;Café
1100924;1387500;Cana-de-acucar
1101203;12000;Mandioca
1101401;18670;Café
1101468;2632986;Cana-de-acucar
1101500;1095000;Cana-de-acucar
1101559;26520;Mandioca
1101609;52250;Milho
1101708;14713;Fumo
1200138;1440000;Cana-de-acucar
1200179;63180;Soja
1200302;6000;Mandioca
1200328;22980;Uva
1200344;17150;Batata
1200351;715000;Cana-de-acucar
1200427;662056;Cana-de-acucar
1200450;3808973;Cana-de-acucar
1200609;4920;Mandioca
1200708;5400;Café
1200807;142225;Milho
1300086;117800;Soja
1300508;71300;Mandioca
1300805;55902;Milho
1300839;13400;Mandioca
1300904;9450;Mandioca
1301001;6930;Fumo
1301902;290719;Soja
1302108;68300;Milho
1302405;68640;Soja
1302504;146250;Soja
1302553;10300;Mandioca
1302603;42500;Mandioca
1302801;154500;Milho
1302900;3750;Fumo
1303007;58000;Mandioca
1303106;12230;Mandioca
1303304;176640;Milho
1303601;5400;Mandioca
1303809;73440;Laranja
1303908;1176000;Soja
1304005;4200;Feijao
1304104;155088;Mandioca
1304237;1083060;Soja
1304260;76800;Milho
1304401;39600;Mandioca
1400159;39000;Arroz
1400175;14650;Batata
1400282;82800;Soja
1400407;360137;Soja
1400456;66000;Soja
1400472;87360;Milho
1400605;10710;Café
1500107;506509;Soja
1500206;1500000;Cana-de-acucar
1500404;58200;Batata
1500503;6100;Mandioca
1500701;80200;Soja
1500958;342000;Soja
1501006;260000;Laranja
1501105;30500;Milho
1501303;3960;Fumo
1501451;60046;Mandioca
1501501;3120;Feijao
1501956;60000;Laranja
1502707;32000;Milho
1502756;1784228;Cana-de-acucar
1502939;88552;Soja
1503077;82250;Soja
1503101;8093;Feijao
1503309;7800;Mandioca
1503408;16300;Batata
1503457;3366;Feijao
1503754;3438400;Cana-de-acucar
1503903;4800;Feijao
1504059;43797;Milho
1504208;8138;Café
1504505;63000;Laranja
1504901;34500;Milho
1505007;26072;Café
1505031;2508085;Cana-de-acucar
1505064;24000;Mandioca
1505403;10733;Feijao
1505437;17500;Trigo
1505502;1072000;Cana-de-acucar
1505536;105035;Soja
1505700;13125;Mandioca
1505809;20528;Café
1506005;10920;Café
1506112;25000;Mandioca
1506161;96364;Soja
1506187;30655;Milho
1506195;333900;Soja
1506203;1905;Feijao
1506500;437550;Milho
1506559;92800;Milho
1506583;55726;Batata
1506609;7500;Mandioca
1506708;72000;Soja
1507300;87900;Milho
1507409;30959;Laranja
1507706;153600;Soja
1507805;30402;Milho
1507953;18571;Batata
1508050;14400;Mandioca
1508100;104936;Soja
1508126;67424;Soja
1508209;44100;Milho
1508357;5980;Fumo
1508407;18500;Mandioca
1600105;84786;Mandioca
1600238;313844;Soja
1600279;326400;Laranja
1600402;6200;Mandioca
1600501;30840;Milho
1600550;8750;Mandioca
1600709;395625;Soja
1600808;83325;Laranja
1700251;1129212;Cana-de-acucar
1700301;1303750;Cana-de-acucar
1700400;54292;Milho
1700707;152355;Milho
1702109;123697;Laranja
1702208;68160;Milho
1702554;1140440;Cana-de-acucar
1703826;616814;Cana-de-acucar
1705102;61600;Soja
1706100;1688000;Cana-de-acucar
1706258;880000;Cana-de-acucar
1707009;2960000;Cana-de-acucar
1707108;2400;Fumo
1707207;51750;Milho
1707306;50117;Arroz
1708205;1324800;Cana-de-acucar
1709005;1008000;Cana-de-acucar
1709500;2080620;Cana-de-acucar
1710904;98220;Soja
1711902;654597;Cana-de-acucar
1711951;752899;Cana-de-acucar
1712157;284000;Soja
1712504;84600;Milho
1713601;7200;Café
1713700;14800;Mandioca
1714203;6030;Café
1714302;61050;Soja
1715002;120000;Soja
1715259;101400;Soja
1715754;63060;Milho
1716109;83210;Soja
1716505;198666;Milho
1716604;14270;Mandioca
1717008;3347;Feijao
1717503;67496;Arroz
1718451;1680;Feijao
1718550;66300;Milho
1718709;7806;Feijao
1718758;159000;Soja
1718808;103836;Milho
1718865;454860;Soja
1718899;28800;Arroz
1720150;90100;Soja
1720200;2882355;Cana-de-acucar
1720259;80000;Soja
1720309;5310;Café
1720804;136876;Milho
1720853;1834756;Cana-de-acucar
1720937;1133;Feijao
1721000;654500;Cana-de-acucar
1721109;9660;Trigo
2100154;66900;Milho
2100204;9200;Trigo
2100436;5270;Café
2100501;1264640;Cana-de-acucar
2100709;14700;Mandioca
2100808;49978;Milho
2100832;32250;Milho
2100873;1664980;Cana-de-acucar
2100907;6000;Mandioca
2101004;2815200;Cana-de-acucar
2101103;48000;Milho
2101251;7043;Café
2101301;44800;Laranja
2101400;890520;Cana-de-acucar
2101707;120780;Soja
2101772;1661;Feijao
2101806;61300;Soja
2101970;19050;Café
2102002;733670;Cana-de-acucar
2102036;12570;Batata
2102101;142800;Soja
2102150;180300;Milho
2102200;1149;Feijao
2102374;131340;Soja
2102556;119402;Soja
2102606;38930;Laranja
2102705;23200;Trigo
2102804;776000;Cana-de-acucar
2102903;2761;Feijao
2103125;205596;Soja
2103158;881798;Cana-de-acucar
2103208;43600;Milho
2103257;96300;Milho
2103307;909600;Cana-de-acucar
2103406;2500;Feijao
2103505;1120000;Cana-de-acucar
2103604;1800000;Cana-de-acucar
2104057;64520;Soja
2104081;76560;Milho
2104206;8800;Trigo
2104552;1744748;Cana-de-acucar
2104602;37000;Laranja
2104628;28800;Batata
2104651;41580;Laranja
2104800;11970;Trigo
2105302;117210;Soja
2105351;67200;Soja
2105450;158100;Soja
2105609;60397;Soja
2105658;64800;Soja
2105963;9000;Café
2105989;3072;Feijao
2106102;32250;Milho
2106607;840000;Cana-de-acucar
2106755;82800;Soja
2106904;57600;Milho
2107258;130944;Soja
2107506;176050;Milho
2107803;8625;Mandioca
2108009;90350;Soja
2108207;10400;Mandioca
2108603;675000;Cana-de-acucar
2108900;8550;Trigo
2109056;41400;Milho
2109106;23199;Café
2109270;2580;Feijao
2109403;21000;Trigo
2109502;2100000;Cana-de-acucar
2109551;176900;Milho
2110005;600000;Cana-de-acucar
2110104;180000;Milho
2110203;136629;Milho
2110237;13600;Mandioca
2110401;93534;Soja
2110500;2400;Feijao
2110609;401400;Soja
2111029;920147;Cana-de-acucar
2111052;15500;Batata
2111078;6468;Café
2111201;25500;Mandioca
2111508;795000;Cana-de-acucar
2111573;14400;Mandioca
2111672;2380;Fumo
2111722;37721;Café
2111805;1741332;Cana-de-acucar
2111953;30667;Laranja
2112001;51053;Algodao
2112209;692080;Cana-de-acucar
2112233;9000;Trigo
2112308;11000;Fumo
2112506;1826;Feijao
2112803;2800000;Cana-de-acucar
2112852;212850;Soja
2113009;1017985;Cana-de-acucar
2114007;675000;Cana-de-acucar
2200053;1296000;Milho
2200103;11069;Feijao
2200277;12500;Mandioca
2200301;73824;Soja
2200707;25400;Mandioca
2200806;221639;Soja
2200954;450800;Milho
2201051;68400;Soja
2201101;66500;Mandioca
2201176;2284500;Cana-de-acucar
2201309;1825;Feijao
2201572;14250;Mandioca
2201770;39160;Milho
2201919;113819;Soja
2201929;11600;Mandioca
2201988;51200;Mandioca
2202000;657000;Cana-de-acucar
2202026;2948;Feijao
2202059;12800;Mandioca
2202083;37720;Milho
2202091;48000;Mandioca
2202109;97440;Milho
2202117;13900;Mandioca
2202133;17300;Mandioca
2202174;609244;Cana-de-acucar
2202208;207900;Soja
2202251;2218;Feijao
2202307;28500;Mandioca
2202455;2157;Feijao
2202554;82200;Milho
2202653;96694;Soja
2202752;64710;Soja
2202802;51600;Mandioca
2202851;8704;Trigo
2203008;80255;Milho
2203107;10642;Mandioca
2203206;80974;Milho
2203404;109500;Milho
2203453;14463;Café
2203750;10000;Café
2203800;18000;Mandioca
2204105;1170000;Cana-de-acucar
2204154;224855;Milho
2204204;105600;Milho
2204402;6080;Mandioca
2204501;5510;Mandioca
2204550;2400;Fumo
2204659;1125000;Cana-de-acucar
2204808;56000;Mandioca
2204907;6705;Feijao
2205003;1429;Feijao
2205201;80000;Mandioca
2205359;18750;Mandioca
2205458;1178;Feijao
2205508;1080;Feijao
2205516;117150;Soja
2205524;25400;Mandioca
2205532;51260;Mandioca
2205540;16490;Feijao
2205581;3825000;Cana-de-acucar
2205607;1520000;Cana-de-acucar
2205904;40715;Milho
2206001;60018;Milho
2206100;1187701;Cana-de-acucar
2206308;126576;Laranja
2206357;68000;Milho
2206407;4702;Feijao
2206670;64800;Soja
2206704;5664146;Cana-de-acucar
2206902;603500;Cana-de-acucar
2206951;53400;Batata
2207009;515040;Soja
2207108;10500;Trigo
2207306;83748;Milho
2207355;7919;Feijao
2207405;4950;Mandioca
2207504;1530706;Cana-de-acucar
2207603;637500;Cana-de-acucar
2207793;16500;Trigo
2207801;70000;Laranja
2207959;650580;Cana-de-acucar
2208809;3080;Fumo
2208858;579150;Milho
2208874;5070;Mandioca
2208908;760950;Cana-de-acucar
2209005;730000;Cana-de-acucar
2209203;2684000;Cana-de-acucar
2209302;94647;Milho
2209401;86234;Soja
2209658;154674;Batata
2209856;665000;Cana-de-acucar
2209872;54920;Feijao
2209955;81400;Milho
2210201;5400;Mandioca
2210300;168960;Milho
2210375;252600;Soja
2210607;55860;Milho
2210904;14400;Mandioca
2211001;1125000;Cana-de-acucar
2211357;534300;Milho
2211407;667220;Cana-de-acucar
2211506;746428;Soja
2300200;9420;Mandioca
2300408;5200;Mandioca
2300507;15760;Mandioca
2300606;13800;Mandioca
2300754;1005000;Milho
2300804;2194640;Cana-de-acucar
2300903;40000;Mandioca
2301000;32130;Milho
2301109;204000;Milho
2301257;18000;Mandioca
2301307;66007;Milho
2301406;1320;Feijao
2301505;9075;Café
2301604;1326;Feijao
2301802;31320;Milho
2301851;117188;Soja
2301950;10650;Mandioca
2302107;70300;Soja
2302206;176520;Mandioca
2302305;9114;Mandioca
2302404;11880;Café
2302503;143676;Soja
2302800;86000;Mandioca
2303105;60636;Soja
2303402;19200;Mandioca
2303600;2160000;Cana-de-acucar
2303659;153600;Milho
2303709;61200;Laranja
2303808;5276;Café
2303907;18500;Mandioca
2304103;11500;Mandioca
2304236;10104;Mandioca
2304251;156000;Milho
2304269;12000;Mandioca
2304400;31680;Café
2304608;10800;Mandioca
2304806;6000;Mandioca
2305001;199800;Milho
2305209;26160;Mandioca
2305233;99420;Mandioca
2305332;1360000;Cana-de-acucar
2305357;1992;Feijao
2305407;5600;Mandioca
2306009;72250;Mandioca
2306108;7650;Café
2306207;5760;Mandioca
2306504;94050;Soja
2306553;7200;Mandioca
2306702;5500;Mandioca
2306801;12000;Mandioca
2307007;1035000;Cana-de-acucar
2307205;206800;Milho
2307254;95877;Soja
2307304;33250;Laranja
2307403;61689;Laranja
2307601;61500;Soja
2308302;138240;Laranja
2308351;175500;Soja
2308377;46080;Milho
2308401;30410;Milho
2308609;7200;Mandioca
2309003;12000;Café
2309409;13500;Mandioca
2309458;30600;Mandioca
2309508;223200;Soja
2309805;108000;Soja
2310100;1354260;Cana-de-acucar
2310209;127074;Milho
2310258;6840;Fumo
2310308;7550;Café
2310407;318420;Soja
2310506;2444;Feijao
2310803;67900;Soja
2310852;81600;Milho
2311009;2250;Feijao
2311108;75000;Mandioca
2311207;147500;Soja
2311231;15000;Mandioca
2311264;903000;Milho
2311306;837000;Cana-de-acucar
2311405;763000;Cana-de-acucar
2311900;641250;Cana-de-acucar
2311959;280416;Soja
2312106;31410;Mandioca
2312205;24800;Mandioca
2312403;25000;Mandioca
2312502;3841700;Cana-de-acucar
2312601;15400;Mandioca
2313005;54890;Feijao
2313203;222600;Milho
2313302;75150;Mandioca
2313500;154500;Milho
2313708;910000;Cana-de-acucar
2313757;5880;Mandioca
2313807;604800;Cana-de-acucar
2313906;1157000;Cana-de-acucar
2314102;1339200;Cana-de-acucar
2400208;17500;Mandioca
2400406;48750;Milho
2400703;199200;Laranja
2401107;56000;Mandioca
2401206;4680;Mandioca
2401305;639450;Milho
2401404;46500;Mandioca
2401503;18675;Mandioca
2401602;9450;Fumo
2401701;3848;Feijao
2401800;81500;Mandioca
2402402;74100;Milho
2402501;254520;Soja
2402600;118800;Soja
2402709;6120;Mandioca
2403004;71400;Laranja
2403400;748800;Soja
2403608;168000;Milho
2403756;11547;Mandioca
2404101;12000;Mandioca
2404200;4255;Fumo
2404408;15552;Mandioca
2404507;31500;Mandioca
2404705;116662;Milho
2404804;29778;Milho
2404853;17778;Café
2404903;4891750;Cana-de-acucar
2405009;45000;Mandioca
2405108;16360;Mandioca
2405207;64507;Milho
2405306;49300;Milho
2405405;67500;Mandioca
2405504;108000;Milho
2405603;20000;Mandioca
2405702;183600;Soja
2405801;341400;Soja
2406155;238461;Soja
2406304;181500;Milho
2406502;120000;Milho
2406601;12000;Mandioca
2406700;82200;Mandioca
2406908;11094;Mandioca
2407005;283968;Laranja
2407104;12500;Mandioca
2407302;140520;Soja
2407500;24000;Mandioca
2407609;113100;Soja
2407708;6000;Mandioca
2408003;8400;Mandioca
2408102;128000;Mandioca
2408201;70200;Soja
2408300;14000;Mandioca
2408607;90000;Mandioca
2408904;52500;Mandioca
2409100;45000;Milho
2409209;13000;Mandioca
2409308;30120;Milho
2409332;240000;Mandioca
2409506;43920;Mandioca
2409605;180000;Mandioca
2409803;13500;Mandioca
2410009;44000;Mandioca
2410306;67500;Mandioca
2410405;45800;Mandioca
2410504;4799;Mandioca
2410603;294000;Soja
2410702;1800;Feijao
2410801;17250;Mandioca
2410900;81800;Milho
2411007;66116;Milho
2411056;17460;Mandioca
2411205;129000;Mandioca
2411403;113400;Milho
2411601;890400;Soja
2411700;2800000;Cana-de-acucar
2411908;9600;Mandioca
2412005;10800;Trigo
2412203;68000;Milho
2412401;21200;Mandioca
2412500;8500;Feijao
2412559;122850;Soja
2412609;10800;Mandioca
2412708;5500;Mandioca
2412807;136080;Soja
2413359;98901;Soja
2413409;10930;Mandioca
2413508;140000;Mandioca
2413706;16000;Mandioca
2413805;952860;Milho
2413904;44000;Mandioca
2414001;54000;Milho
2414100;26700;Mandioca
2414159;34640;Milho
2414209;1328100;Milho
2414308;32200;Mandioca
2414456;279610;Soja
2414506;106261;Soja
2414605;60000;Mandioca
2414704;17602;Café
2500205;2000;Fumo
2500304;141000;Milho
2500403;75000;Mandioca
2500700;150000;Soja
2500734;286110;Laranja
2500775;42270;Milho
2500809;1574;Feijao
2501005;511500;Milho
2501153;1235;Feijao
2501203;16000;Mandioca
2501534;74120;Soja
2501575;1120000;Cana-de-acucar
2501708;1026000;Soja
2501807;42666;Mandioca
2501906;18400;Fumo
2502003;37962;Milho
2502052;65000;Mandioca
2502151;4800;Mandioca
2502300;380400;Milho
2502508;20000;Mandioca
2502805;6000;Mandioca
2502904;16500;Mandioca
2503001;301255;Milho
2503100;60405;Mandioca
2503209;169000;Milho
2503506;4620;Mandioca
2503555;2880000;Cana-de-acucar
2503704;13200;Mandioca
2504009;66300;Soja
2504033;75600;Soja
2504157;9470;Mandioca
2504306;223354;Milho
2504355;61200;Soja
2504405;4560;Mandioca
2504504;97586;Soja
2504603;68250;Soja
2504702;16680;Feijao
2504900;195270;Soja
2505105;270000;Milho
2505204;160000;Milho
2505238;61795;Milho
2505303;210000;Soja
2505352;19137;Mandioca
2505600;711993;Cana-de-acucar
2505709;8657;Mandioca
2505808;36000;Milho
2506004;66000;Milho
2506103;264000;Soja
2506202;393375;Milho
2506608;45000;Mandioca
2506707;34664;Laranja
2506806;617980;Cana-de-acucar
2507200;24000;Mandioca
2507705;180000;Soja
2508208;15250;Mandioca
2508307;16833;Mandioca
2508406;817233;Cana-de-acucar
2508505;156000;Soja
2508604;85880;Milho
2508802;210600;Milho
2509008;15096;Fumo
2509156;90600;Milho
2509305;5280;Café
2510402;34692;Mandioca
2510501;70877;Soja
2510600;299551;Milho
2510659;59700;Feijao
2511400;88560;Soja
2511806;1227;Feijao
2512200;36220;Milho
2512309;762588;Cana-de-acucar
2512408;4556;Fumo
2512507;84021;Soja
2512606;6200;Café
2512705;3898400;Cana-de-acucar
2513000;739200;Soja
2513158;2520000;Cana-de-acucar
2513505;62400;Soja
2513901;2640400;Cana-de-acucar
2513968;100965;Milho
2514552;13500;Café
2514651;11000;Trigo
2514909;16120;Feijao
2515005;31600;Milho
2515104;24300;Café
2515302;68850;Soja
2515500;5700;Feijao
2515708;50172;Milho
2515807;178500;Laranja
2515930;82375;Milho
2516003;34500;Café
2516102;5437;Mandioca
2516151;14400;Café
2516409;2257600;Cana-de-acucar
2516904;4127;Feijao
2517001;48226;Laranja
2600054;10800;Trigo
2600302;9450;Mandioca
2600708;122300;Milho
2600807;693000;Soja
2601409;6400;Mandioca
2601607;9800;Feijao
2602100;7900;Feijao
2602209;22320;Trigo
2602605;717360;Soja
2602704;1230;Feijao
2602902;103400;Milho
2603207;7500;Mandioca
2603504;55800;Milho
2603926;1820000;Cana-de-acucar
2604155;68250;Soja
2604205;91200;Soja
2604601;79470;Milho
2604908;46935;Milho
2605103;881319;Cana-de-acucar
2605509;358800;Milho
2606101;14070;Café
2606804;1054;Feijao
2607901;118400;Soja
2608057;17367;Café
2608107;6100;Mandioca
2608404;28800;Trigo
2608750;10040;Mandioca
2608800;113957;Laranja
2609006;78100;Soja
2609501;860000;Soja
2609808;5000;Mandioca
2609907;202111;Milho
2610400;1714;Feijao
2611507;13720;Mandioca
2611533;7380;Feijao
2611606;81500;Milho
2612208;6349;Mandioca
2612505;5033;Mandioca
2612802;339929;Milho
2612901;5407;Mandioca
2613305;8190;Café
2613404;403950;Milho
2613503;5400;Mandioca
2613602;89280;Soja
2613701;180000;Milho
2613800;33216;Milho
2614204;23220;Café
2614600;5400;Mandioca
2614709;13125;Mandioca
2614808;331500;Milho
2614857;62700;Soja
2615300;15267;Café
2615508;163500;Laranja
2615607;152940;Milho
2615805;328100;Soja
2615904;45600;Milho
2616209;93600;Soja
2616407;40000;Milho
2700102;2519400;Cana-de-acucar
2700201;64220;Uva
2700706;150000;Milho
2700904;648000;Milho
2701209;5560;Mandioca
2701357;9180;Café
2701407;5910;Feijao
2701605;7758;Mandioca
2702009;5638;Mandioca
2702108;4847;Mandioca
2702207;5959;Mandioca
2702306;61200;Soja
2702405;5500;Mandioca
2702504;8500;Trigo
2702900;6334;Café
2703106;23036;Uva
2703304;34560;Milho
2704104;7470;Café
2704609;72000;Soja
2705200;30000;Mandioca
2705309;561600;Soja
2705705;88702;Milho
2706208;51000;Milho
2706422;1820000;Cana-de-acucar
2706703;7000;Mandioca
2706901;6840;Trigo
2707008;10200;Café
2707107;10612;Mandioca
2707404;111360;Mandioca
2707503;30700;Batata
2707800;10845;Café
2707909;200000;Laranja
2708105;217670;Milho
2708709;142120;Soja
2708808;34514;Laranja
2708907;35100;Feijao
2709202;5574;Mandioca
2709301;33684;Laranja
2709400;6329;Mandioca
2800100;141642;Milho
2800209;8748;Mandioca
2800605;772800;Soja
2800670;104608;Soja
2800704;607842;Milho
2801306;5399;Mandioca
2801504;17952;Café
2802205;64563;Laranja
2802403;52532;Milho
2802700;2154100;Cana-de-acucar
2802809;4530;Feijao
2802908;108000;Soja
2803500;62534;Milho
2803609;6646;Mandioca
2804102;68750;Milho
2804409;1161300;Cana-de-acucar
2804458;4939;Mandioca
2804508;93500;Soja
2805000;67684;Milho
2805109;132583;Soja
2805604;16800;Mandioca
2805802;1206;Feijao
2806206;270675;Milho
2806305;9260;Feijao
2806404;57100;Milho
2806701;80844;Milho
2806909;3240;Fumo
2807006;37950;Milho
2807105;4619;Mandioca
2807204;20000;Mandioca
2807501;83232;Laranja
2900108;54435;Mandioca
2900207;55500;Milho
2900405;158900;Milho
2900504;15845;Fumo
2900702;70200;Milho
2900801;70500;Milho
2901106;74590;Milho
2901353;3075;Feijao
2901403;556800;Milho
2902005;31600;Milho
2902104;72000;Milho
2902203;8700;Feijao
2902252;6868;Mandioca
2902302;13440;Feijao
2902401;23017;Mandioca
2902609;1370;Feijao
2902658;534795;Milho
2903102;75000;Mandioca
2903201;112111;Algodao
2903235;1530;Feijao
2903300;39740;Feijao
2903409;144850;Milho
2903508;75600;Soja
2903607;173793;Soja
2903706;34000;Milho
2904001;110000;Laranja
2904100;2700;Feijao
2904407;136768;Soja
2904605;40500;Milho
2904704;313524;Milho
2904753;227280;Milho
2904803;631080;Milho
2904852;25000;Mandioca
2905107;4740;Mandioca
2905305;49980;Milho
2905404;1320;Feijao
2905602;51900;Milho
2906303;445500;Milho
2906808;2851200;Milho
2906873;208000;Laranja
2906907;2400;Feijao
2907202;696960;Milho
2907301;5569;Mandioca
2907707;73500;Milho
2907806;63870;Feijao
2907905;72000;Milho
2908200;115500;Soja
2908606;235840;Soja
2908705;215940;Soja
2908804;53700;Milho
2909000;86100;Soja
2909307;4244173;Cana-de-acucar
2909505;16817;Café
2910057;135900;Milho
2910107;271560;Soja
2910503;94000;Soja
2911105;214170;Algodao
2911303;37200;Milho
2911709;19584;Café
2911808;66000;Soja
2912004;999000;Cana-de-acucar
2912103;22950;Café
2912301;125100;Milho
2912509;61500;Uva
2912608;10585;Mandioca
2912707;55040;Milho
2912905;10363;Mandioca
2913002;12375;Mandioca
2913101;840000;Cana-de-acucar
2913200;96900;Milho
2913309;275600;Milho
2913507;68000;Milho
2913606;10780;Mandioca
2913804;526612;Soja
2913903;62700;Soja
2914802;5227;Mandioca
2915106;5202;Mandioca
2915353;120600;Soja
2915502;136900;Soja
2916005;1651;Feijao
2916807;390000;Soja
2917003;7024;Café
2917334;24625;Mandioca
2917508;25600;Trigo
2917607;32900;Milho
2918001;6000;Feijao
2918100;13460;Uva
2918209;68400;Soja
2918308;10020;Mandioca
2918456;40000;Mandioca
2918506;19320;Café
2918555;100800;Soja
2918753;9762;Café
2918803;6600;Trigo
2918902;8610;Café
2919058;17500;Trigo
2919108;101187;Soja
2919157;42636;Milho
2919207;252000;Milho
2919553;181260;Soja
2919603;1890;Feijao
2920007;1800;Feijao
2920106;76600;Soja
2920205;1064000;Cana-de-acucar
2920502;307200;Milho
2920601;8880;Trigo
2920908;45100;Mandioca
2921005;15675;Café
2921104;66500;Milho
2921302;36842;Milho
2921609;98580;Soja
2922201;70560;Soja
2922300;1190;Feijao
2923001;2940;Feijao
2923209;9450;Trigo
2923357;1920;Feijao
2923506;1248;Feijao
2923605;46675;Laranja
2924058;28000;Mandioca
2924306;33600;Mandioca
2924504;6137;Café
2925006;1620;Feijao
2926202;102649;Algodao
2926509;90468;Laranja
2926707;2232000;Soja
2926806;150000;Soja
2927705;29640;Mandioca
2928208;1831000;Cana-de-acucar
2928307;64800;Soja
2928406;192000;Soja
2928703;81660;Soja
2928802;8568;Café
2928901;513344;Algodao
2929107;17640;Café
2929206;5250;Mandioca
2929255;84420;Soja
2929503;11220;Mandioca
2930006;972000;Cana-de-acucar
2930154;3192000;Cana-de-acucar
2930303;82600;Milho
2931202;385000;Milho
2931301;7740;Café
2931509;80070;Soja
2931608;1200;Feijao
2931905;1400;Feijao
2932408;33500;Uva
2932507;64965;Milho
2932804;84000;Soja
2933158;12832;Café
2933455;5270000;Cana-de-acucar
2933604;7500;Feijao
3100104;62900;Mandioca
3100302;118800;Soja
3100401;6360;Mandioca
3100500;18090;Feijao
3100609;14735;Batata
3100906;18120;Mandioca
3101102;9360;Café
3101201;8100;Trigo
3101607;8540;Café
3101805;110400;Laranja
3101904;73913;Milho
3102209;144204;Milho
3102704;6743;Fumo
3102803;70534;Milho
3102902;12100;Feijao
3103306;30331;Milho
3103405;10180;Mandioca
3103702;31133;Laranja
3104007;1080000;Cana-de-acucar
3104205;612960;Cana-de-acucar
3104304;31419;Laranja
3104452;15000;Mandioca
3104601;14850;Mandioca
3104700;72365;Mandioca
3105004;1980;Feijao
3105509;963000;Cana-de-acucar
3105905;57965;Milho
3106002;269100;Soja
3106101;5400;Café
3106200;6060;Feijao
3107307;676824;Cana-de-acucar
3107406;36619;Milho
3107901;38025;Mandioca
3108008;266456;Milho
3108107;9345;Feijao
3108404;45990;Laranja
3108503;10584;Café
3108602;21750;Batata
3108909;1890;Feijao
3109006;770000;Cana-de-acucar
3109303;20800;Mandioca
3109709;13150;Mandioca
3109907;37500;Uva
3110004;1634;Feijao
3110202;2134;Feijao
3110400;61200;Milho
3110707;4973;Mandioca
3111200;4960;Mandioca
3112307;80500;Soja
3112406;32150;Milho
3112604;6240;Café
3112653;28500;Café
3112703;318100;Soja
3112802;2880;Feijao
3113206;36720;Milho
3113305;10450;Feijao
3113404;4074;Fumo
3113503;8880;Café
3113602;5100;Mandioca
3113701;18809;Café
3113800;62000;Laranja
3113909;93480;Soja
3114105;319422;Laranja
3114550;6840;Trigo
3114709;211967;Soja
3114907;69020;Soja
3115003;99830;Soja
3115409;9888;Feijao
3115458;9780;Café
3115474;2240000;Cana-de-acucar
3115805;32916;Mandioca
3116159;1064;Feijao
3116209;14400;Café
3116407;29940;Milho
3116605;7320;Feijao
3116803;1304;Feijao
3116902;117990;Soja
3117009;72820;Milho
3117108;47700;Laranja
3117306;1235400;Soja
3117504;49066;Milho
3117603;40759;Laranja
3117836;10350;Mandioca
3118007;379900;Milho
3118205;579120;Soja
3118908;5391;Mandioca
3119005;195500;Soja
3119500;135000;Soja
3119708;29880;Mandioca
3119906;218400;Milho
3120003;9250;Mandioca
3120151;2975;Feijao
3120300;25610;Café
3120409;1705;Feijao
3120706;51166;Mandioca
3121001;265634;Soja
3121100;1081;Feijao
3121209;158400;Soja
3121258;16200;Uva
3121308;2250;Fumo
3121506;788958;Cana-de-acucar
3121605;23012;Mandioca
3121803;2852;Feijao
3121902;9405;Feijao
3122009;1239;Feijao
3122108;95643;Soja
3122207;20800;Trigo
3122306;31378;Laranja
3122355;201600;Soja
3122603;7200;Mandioca
3123106;167040;Soja
3123403;66960;Soja
3123700;20700;Feijao
3124005;3231;Feijao
3124203;1323434;Cana-de-acucar
3124401;107800;Milho
3124708;269304;Milho
3124906;700000;Cana-de-acucar
3125002;8910;Feijao
3125309;36523;Milho
3126208;2040;Feijao
3126703;64708;Laranja
3126752;40130;Milho
3126901;6750;Trigo
3126950;61425;Milho
3127008;64800;Milho
3127404;30100;Mandioca
3128006;72000;Soja
3128204;646428;Soja
3128253;5100;Mandioca
3128907;76900;Milho
3129301;1307;Feijao
3129400;54000;Milho
3129509;5400;Mandioca
3129657;43290;Café
3129806;1637;Feijao
3130309;32232;Laranja
3130507;73110;Soja
3130606;2436;Feijao
3130655;1337;Feijao
3130705;624996;Cana-de-acucar
3131000;40200;Milho
3131208;8500;Feijao
3131307;100240;Soja
3131406;9253;Café
3131604;191640;Soja
3131802;62057;Laranja
3132008;787200;Soja
3132107;468000;Soja
3132206;61800;Milho
3132404;36160;Mandioca
3132503;7332;Café
3132602;54756;Milho
3133006;30168;Mandioca
3133204;64350;Soja
3133303;8521;Café
3133402;137088;Laranja
3133501;1050;Feijao
3133758;15600;Feijao
3134301;20700;Mandioca
3134400;720000;Cana-de-acucar
3135050;7500;Trigo
3135209;50100;Milho
3135506;6180;Mandioca
3135605;273600;Soja
3135902;8050;Mandioca
3136009;9000;Café
3136108;75000;Soja
3136405;204000;Laranja
3136504;2107;Feijao
3136520;20384;Café
3136579;109046;Soja
3136702;16717;Mandioca
3136801;66000;Milho
3136959;102618;Soja
3137106;1600000;Cana-de-acucar
3137304;28500;Batata
3137536;234522;Milho
3137700;683416;Cana-de-acucar
3137809;165600;Soja
3137908;98000;Soja
3138104;1620;Feijao
3138351;3626;Feijao
3138500;732000;Cana-de-acucar
3138625;1290;Feijao
3138807;672335;Cana-de-acucar
3138906;1269;Feijao
3139250;1991;Feijao
3140001;2572335;Cana-de-acucar
3140530;144444;Soja
3140555;2444;Feijao
3140704;2815;Feijao
3140902;62678;Soja
3141009;105000;Soja
3141207;162000;Soja
3141405;5400;Mandioca
3141801;191448;Soja
3141900;126000;Laranja
3142205;9696;Café
3142304;616672;Soja
3142502;86316;Uva
3142700;6500;Feijao
3142908;1092;Feijao
3143153;16320;Mandioca
3143203;668331;Cana-de-acucar
3143302;2850;Feijao
3143450;129920;Soja
3143906;16000;Mandioca
3144102;88475;Milho
3144359;2506;Feijao
3144375;103684;Milho
3144409;1740;Feijao
3144508;133333;Soja
3144607;10000;Trigo
3144672;5046;Feijao
3144904;266000;Milho
3145000;51445;Milho
3145208;750000;Cana-de-acucar
3145372;333750;Uva
3145455;93600;Soja
3145604;66006;Soja
3145802;57950;Milho
3146008;360000;Soja
3146107;1154;Feijao
3146404;48960;Laranja
3146503;1368;Feijao
3146750;68000;Soja
3146909;760000;Cana-de-acucar
3147006;130200;Soja
3147204;858485;Cana-de-acucar
3147303;1206500;Cana-de-acucar
3147600;38720;Milho
3147709;3040;Feijao
3147956;90390;Milho
3148103;632700;Cana-de-acucar
3148707;29825;Trigo
3148756;4927;Mandioca
3148806;69395;Mandioca
3148905;67932;Laranja
3149002;3367;Feijao
3149309;1200;Feijao
3149408;132000;Soja
3150109;92500;Soja
3150158;1570;Feijao
3150208;117075;Soja
3150406;343320;Milho
3150505;1394400;Milho
3150703;4329;Feijao
3151008;12400;Trigo
3151107;2177;Feijao
3151305;85877;Soja
3151503;5300;Mandioca
3151602;21960;Mandioca
3151800;24720;Mandioca
3151909;66468;Milho
3152006;6351;Café
3152303;11880;Café
3152808;138700;Soja
3153004;56975;Milho
3153103;98518;Soja
3153202;597600;Soja
3153905;199150;Soja
3154002;36800;Milho
3154200;63336;Soja
3154309;1360;Feijao
3154705;42540;Laranja
3155207;36000;Mandioca
3155702;32127;Milho
3155801;9600;Uva
3156007;410400;Soja
3156502;170520;Milho
3156908;98190;Milho
3157203;841500;Soja
3157252;96348;Soja
3157906;11640;Feijao
3158300;4287;Feijao
3158409;125800;Laranja
3158508;14180;Mandioca
3158607;41340;Milho
3158706;14490;Fumo
3158805;1130;Feijao
3158904;5695;Feijao
3158953;37700;Mandioca
3159209;13500;Mandioca
3159308;32547;Laranja
3159357;82835;Soja
3159803;13800;Feijao
3159902;174464;Soja
3160454;287300;Soja
3160702;1350;Feijao
3161650;680694;Cana-de-acucar
3162203;181560;Soja
3162252;76440;Milho
3162401;25000;Batata
3162450;104840;Milho
3162500;715210;Milho
3162609;29621;Laranja
3162807;5485;Feijao
3162906;1134;Feijao
3162955;103200;Soja
3163409;2345;Feijao
3163706;5600;Mandioca
3164001;4225;Feijao
3164209;1338;Feijao
3164308;76943;Milho
3165206;91000;Batata
3165537;15000;Mandioca
3165909;64170;Milho
3166204;24300;Batata
3166600;31350;Milho
3166907;145000;Soja
3166956;3346;Feijao
3167004;14400;Mandioca
3167202;160080;Soja
3167509;812500;Cana-de-acucar
3167608;5000;Mandioca
3167707;45560;Laranja
3167806;8550;Trigo
3167905;460200;Soja
3168051;69000;Soja
3168200;48570;Milho
3168309;159100;Laranja
3168606;10800;Mandioca
3169406;9450;Mandioca
3170404;843220;Cana-de-acucar
3170503;76074;Soja
3170651;26422;Laranja
3170750;312741;Laranja
3171006;5000;Mandioca
3171105;162060;Milho
3172202;33200;Laranja
3200136;12050;Mandioca
3200607;7200;Trigo
3200706;5440;Mandioca
3201001;6930;Trigo
3201159;110346;Soja
3201506;12900;Feijao
3201605;106400;Batata
3202009;10800;Mandioca
3202108;39900;Milho
3202405;4800;Mandioca
3202504;680000;Cana-de-acucar
3202553;70680;Soja
3202801;1099380;Milho
3202900;37000;Mandioca
3203007;21000;Mandioca
3203106;72150;Mandioca
3203403;149390;Soja
3203502;46649;Laranja
3203700;72281;Soja
3204104;66355;Soja
3204401;180000;Soja
3204500;50400;Milho
3204559;5618;Mandioca
3204955;7200;Uva
3205002;30000;Mandioca
3205069;29400;Café
3205200;5250;Mandioca
3205309;72150;Soja
3300159;85507;Soja
3300233;135750;Soja
3300308;49280;Laranja
3300456;10530;Feijao
3300506;267750;Soja
3300902;9432;Café
3300951;136800;Soja
3301009;82780;Milho
3301108;2186800;Cana-de-acucar
3301405;1802730;Cana-de-acucar
3301850;70420;Soja
3302007;109680;Soja
3303401;6161;Café
3303500;168540;Soja
3303609;2635;Feijao
3303708;357000;Soja
3303955;97860;Laranja
3304144;87750;Milho
3304151;9240;Feijao
3304201;198720;Batata
3304409;40000;Laranja
3304508;5424;Café
3304524;42750;Milho
3304557;5400;Café
3304805;15356;Café
3305133;73200;Milho
3305158;225720;Soja
3305307;15532;Café
3305406;10500;Mandioca
3305703;15000;Mandioca
3306305;66000;Soja
3500303;70050;Mandioca
3500402;5166;Café
3500501;7596;Café
3500550;160500;Soja
3500709;52740;Milho
3500808;1305;Feijao
3501202;3640;Fumo
3501301;237735;Laranja
3501400;612000;Soja
3501509;47269;Milho
3501806;75548;Soja
3502002;30000;Milho
3502309;251250;Soja
3502408;22275;Café
3502507;35500;Laranja
3502606;2980;Feijao
3502903;1152;Feijao
3503000;17603;Café
3503505;11050;Mandioca
3505351;252000;Milho
3505401;201600;Soja
3505807;610200;Soja
3506508;65880;Mandioca
3506607;2470;Feijao
3507001;16628;Trigo
3507308;4410;Fumo
3507456;128700;Soja
3507506;11620;Mandioca
3507605;332400;Soja
3508009;1853572;Cana-de-acucar
3508108;206539;Soja
3508207;11302;Café
3508801;78000;Milho
3508900;55720;Milho
3509007;47439;Milho
3510203;80500;Soja
3511201;9240;Trigo
3512605;60480;Soja
3512902;67500;Soja
3513108;8280;Trigo
3513207;60000;Mandioca
3513405;2880000;Cana-de-acucar
3513702;168606;Soja
3513850;1339400;Cana-de-acucar
3513900;15645;Feijao
3514304;2010;Feijao
3514403;92000;Soja
3514502;558058;Milho
3514700;1764;Feijao
3515103;35640;Milho
3515202;107880;Soja
3515350;60240;Soja
3516002;4037500;Cana-de-acucar
3517406;26220;Mandioca
3517604;2349;Fumo
3517802;930000;Cana-de-acucar
3518404;833000;Cana-de-acucar
3518859;37500;Mandioca
3519071;8472;Mandioca
3519303;900000;Cana-de-acucar
3519402;139830;Soja
3519501;9000;Trigo
3519709;4695;Feijao
3519808;1200456;Cana-de-acucar
3520004;27463;Laranja
3520400;27360;Laranja
3520509;2100329;Cana-de-acucar
3520707;4224;Fumo
3520905;6015;Café
3521309;4422;Feijao
3521408;324329;Soja
3521804;805000;Cana-de-acucar
3522000;33600;Batata
3522109;100600;Milho
3522208;3200;Fumo
3522802;71800;Soja
3522901;39332;Laranja
3523206;12200;Mandioca
3523305;510000;Laranja
3523404;16300;Batata
3523602;18800;Batata
3523701;7854965;Cana-de-acucar
3523909;5180;Mandioca
3524402;54150;Mandioca
3524600;34650;Milho
3524709;188452;Soja
3524808;5000;Mandioca
3525003;22400;Batata
3525102;1054166;Cana-de-acucar
3525201;68634;Milho
3525300;16000;Mandioca
3525508;5000;Mandioca
3526209;562165;Milho
3526704;1802000;Cana-de-acucar
3527108;37780;Laranja
3527504;12255;Feijao
3527702;84070;Mandioca
3528205;42000;Milho
3528403;67155;Soja
3528502;7350;Café
3528601;54200;Mandioca
3529005;5000;Feijao
3529104;70000;Milho
3529203;1016000;Cana-de-acucar
3529500;6115;Fumo
3529609;98929;Soja
3529708;3000000;Cana-de-acucar
3530102;10000;Trigo
3530201;2762;Feijao
3530300;4900;Mandioca
3530409;9450;Trigo
3531100;39600;Milho
3531308;21600;Fumo
3531407;88200;Milho
3531605;3502185;Cana-de-acucar
3531902;22750;Trigo
3532009;48000;Milho
3532306;3917849;Cana-de-acucar
3532603;216000;Milho
3532801;1647000;Cana-de-acucar
3532827;66006;Soja
3532868;217199;Laranja
3533304;1500000;Cana-de-acucar
3533700;1170000;Soja
3533809;746678;Soja
3533908;3465;Fumo
3534302;1790;Feijao
3534401;10200;Mandioca
3534609;7000;Mandioca
3534757;213060;Soja
3535002;16500;Trigo
3535200;54900;Milho
3535606;75240;Soja
3535705;6650;Trigo
3536000;1500;Feijao
3536406;2624000;Cana-de-acucar
3536505;4020;Feijao
3536570;16280;Mandioca
3536604;75200;Mandioca
3536703;720000;Cana-de-acucar
3536802;48934;Mandioca
3537206;3900000;Cana-de-acucar
3537701;2916;Feijao
3537909;19500;Mandioca
3538105;92054;Milho
3538600;1583400;Cana-de-acucar
3538709;54979;Mandioca
3538907;8400;Trigo
3539400;31800;Milho
3539509;635538;Soja
3540309;12840;Mandioca
3540705;74553;Laranja
3540754;1620000;Cana-de-acucar
3540804;86457;Soja
3540853;10657;Trigo
3541000;100000;Laranja
3541109;24897;Trigo
3541505;7680;Trigo
3541604;15000;Mandioca
3541703;1440;Feijao
3541901;20250;Batata
3542107;7849;Café
3543303;3780;Feijao
3543808;6138;Café
3543907;81000;Soja
3544004;38398;Café
3544103;20230;Feijao
3544202;2635500;Cana-de-acucar
3544251;968000;Cana-de-acucar
3544400;377330;Laranja
3544509;102000;Laranja
3544707;94050;Milho
3544905;10214;Café
3545100;48450;Milho
3545209;4600;Mandioca
3545407;2228;Feijao
3545803;8589;Café
3546256;18220;Batata
3546405;15400;Trigo
3546603;7453;Uva
3546900;16296;Café
3547205;4600;Mandioca
3547601;4200;Feijao
3547700;1084405;Cana-de-acucar
3548104;10080;Café
3548203;86250;Soja
3548401;60000;Soja
3548708;39045;Batata
3548906;22950;Batata
3549300;5000;Mandioca
3549409;42994;Milho
3549904;42900;Milho
3550209;3938;Feijao
3550407;84000;Soja
3550506;2688;Fumo
3550605;501600;Soja
3551702;108900;Soja
3551801;1632;Feijao
3552007;5841;Feijao
3552205;4382000;Cana-de-acucar
3552304;2250;Fumo
3552403;4445;Fumo
3552502;152712;Soja
3553005;21804;Café
3553302;15800;Café
3553609;130240;Milho
3553807;21000;Feijao
3553955;78400;Milho
3554003;38068;Milho
3554102;61200;Soja
3554201;90600;Milho
3554300;116719;Soja
3554607;87954;Laranja
3554706;45971;Laranja
3554755;137004;Laranja
3554904;135000;Soja
3554953;172260;Mandioca
3555307;1818000;Cana-de-acucar
3555505;121680;Soja
3555802;61038;Soja
3556305;65100;Milho
3556404;18000;Mandioca
3556800;3600;Feijao
3556909;5600;Café
3557006;39240;Milho
3557154;16150;Uva
4100202;4180;Fumo
4100301;93228;Soja
4100806;28473;Laranja
4101002;9450;Trigo
4101101;107367;Laranja
4101200;2505;Feijao
4101309;14075;Batata
4101507;7800;Fumo
4101655;16281;Café
4101705;1322400;Soja
4101804;10070;Fumo
4102000;174869;Soja
4102406;6864;Fumo
4102505;5593;Fumo
4102802;1845;Feijao
4102901;40000;Milho
4103024;4241;Fumo
4103156;81030;Soja
4103305;5000;Mandioca
4103479;1360000;Cana-de-acucar
4103909;1115;Feijao
4104006;19500;Uva
4104055;2487680;Cana-de-acucar
4104204;192500;Soja
4104303;880000;Cana-de-acucar
4104600;5796;Feijao
4104659;351000;Soja
4104907;1221;Feijao
4105102;61125;Soja
4105300;5818;Mandioca
4105607;8258;Trigo
4105904;3500000;Cana-de-acucar
4106506;3150;Feijao
4106571;7380;Café
4106605;443520;Milho
4106704;3200;Feijao
4106852;36720;Laranja
4107108;114708;Soja
4107207;2812;Feijao
4107256;103587;Milho
4107306;7200;Trigo
4107538;67340;Milho
4107546;2625;Feijao
4107553;114180;Laranja
4107736;15698;Mandioca
4107801;16650;Batata
4107900;1282023;Cana-de-acucar
4108007;106095;Milho
4108320;45050;Mandioca
4108551;365806;Laranja
4108650;36090;Milho
4108700;253110;Soja
4108809;73300;Soja
4109609;1936;Feijao
4109807;2800000;Cana-de-acucar
4110052;6050;Mandioca
4110300;1516;Feijao
4110508;12850;Feijao
4110607;34000;Batata
4110706;391400;Milho
4110904;1999965;Cana-de-acucar
4111209;56650;Mandioca
4111258;112000;Soja
4111555;630000;Cana-de-acucar
4111704;5250;Mandioca
4111803;9252;Café
4112306;27000;Mandioca
4112405;786900;Cana-de-acucar
4112702;18000;Café
4112801;1056518;Cana-de-acucar
4112900;12150;Café
4112959;5195;Café
4113007;2400000;Cana-de-acucar
4113304;79800;Soja
4113429;1240;Feijao
4113601;5850;Feijao
4113908;83088;Milho
4114005;4950;Feijao
4114104;26000;Mandioca
4114302;226800;Soja
4114351;48966;Laranja
4114401;4655;Feijao
4114708;5441;Feijao
4115101;7160;Café
4115309;320080;Milho
4115739;18000;Mandioca
4115853;21000;Batata
4116000;2900000;Cana-de-acucar
4116059;1070;Feijao
4116406;7200;Trigo
4116505;7980;Café
4116703;1271700;Cana-de-acucar
4116901;159240;Soja
4117255;30000;Mandioca
4117305;1800000;Cana-de-acucar
4117602;9200;Mandioca
4117800;4500000;Cana-de-acucar
4118303;329232;Soja
4118501;772788;Soja
4118600;114000;Soja
4118709;563580;Milho
4118907;50400;Milho
4119251;30000;Mandioca
4119509;5929068;Cana-de-acucar
4119657;1466400;Cana-de-acucar
4119707;935123;Cana-de-acucar
4119954;23454;Café
4120002;1292000;Cana-de-acucar
4120200;8000;Mandioca
4120358;116931;Soja
4120507;84600;Milho
4120655;5060;Mandioca
4120705;4104;Feijao
4120853;4900;Feijao
4121000;132200;Soja
4121109;1725;Feijao
4121208;774000;Soja
4121257;106200;Milho
4121307;113724;Milho
4121356;4400;Feijao
4121505;154871;Soja
4121752;7800;Trigo
4121901;4700;Feijao
4122107;16160;Batata
4122404;950000;Cana-de-acucar
4122503;5082;Mandioca
4122602;18330;Mandioca
4123105;10575;Mandioca
4123303;88500;Soja
4123402;29308;Laranja
4123709;39850;Batata
4123956;1500000;Cana-de-acucar
4124053;11256;Mandioca
4124202;326160;Soja
4124301;97820;Soja
4124509;31086;Laranja
4124608;151680;Soja
4124707;15000;Mandioca
4124905;13200;Batata
4125100;1960000;Cana-de-acucar
4125209;112620;Soja
4125308;39560;Café
4125357;330480;Milho
4125456;19100;Mandioca
4125506;7392;Café
4125704;1406200;Cana-de-acucar
4125803;8500;Feijao
4126272;58983;Mandioca
4126355;3540;Feijao
4126603;10007;Café
4126702;6000;Mandioca
4127007;3408144;Cana-de-acucar
4127858;104938;Soja
4127957;174000;Milho
4128203;777660;Milho
4128401;50413;Laranja
4128534;4690;Mandioca
4128559;115841;Soja
4128625;1206;Feijao
4128633;13000;Mandioca
4128708;2190;Feijao
4128807;38500;Batata
4200200;21985;Trigo
4200804;3645;Feijao
4200903;650000;Cana-de-acucar
4201000;5800;Feijao
4201273;64643;Soja
4201307;15351;Café
4201406;43156;Milho
4201505;8000;Fumo
4201901;61250;Batata
4202057;97060;Milho
4202081;81200;Soja
4202099;3678;Feijao
4202107;70800;Milho
4202206;15700;Mandioca
4202305;1170550;Cana-de-acucar
4202503;57000;Milho
4202578;113950;Batata
4202602;37000;Milho
4202701;88230;Milho
4202800;2880;Feijao
4202859;39270;Milho
4203204;10421;Feijao
4203253;30475;Milho
4203303;5675;Feijao
4203600;1537;Feijao
4203808;22300;Mandioca
4203907;37510;Uva
4203956;1568781;Soja
4204194;15000;Batata
4204350;89976;Mandioca
4204459;19410;Café
4204608;1440000;Cana-de-acucar
4204707;735000;Cana-de-acucar
4205191;24800;Arroz
4205308;306900;Soja
4205357;5280;Mandioca
4205456;86000;Arroz
4205506;134400;Mandioca
4205803;59500;Uva
4206108;9450;Mandioca
4206504;1151000;Cana-de-acucar
4206603;244200;Soja
4206652;14200;Batata
4206751;56934;Milho
4206900;73853;Soja
4207106;1489380;Cana-de-acucar
4207205;23800;Arroz
4207304;377018;Milho
4207577;304200;Soja
4207650;1119;Feijao
4207684;1700000;Cana-de-acucar
4207908;21050;Batata
4208005;35820;Feijao
4208203;45640;Batata
4208302;5700;Mandioca
4208708;54000;Arroz
4208807;800000;Cana-de-acucar
4209003;68359;Soja
4209409;2000000;Cana-de-acucar
4209458;11130;Fumo
4209904;72000;Soja
4210001;3022800;Cana-de-acucar
4210100;970000;Cana-de-acucar
4210209;73440;Laranja
4210308;422400;Milho
4210506;440000;Soja
4210605;700000;Cana-de-acucar
4210803;2158900;Cana-de-acucar
4210852;143743;Soja
4211207;70200;Soja
4211306;2782800;Cana-de-acucar
4211454;10800;Mandioca
4211504;747500;Cana-de-acucar
4211603;1087500;Cana-de-acucar
4211751;83700;Laranja
4211850;6600;Fumo
4211876;986000;Cana-de-acucar
4212007;107880;Soja
4212056;123554;Soja
4212270;63750;Soja
4212304;1092007;Cana-de-acucar
4212403;137340;Soja
4212601;42000;Milho
4212650;1820;Feijao
4212809;66500;Soja
4212908;64998;Mandioca
4213203;16600;Mandioca
4213302;9200;Mandioca
4213351;850000;Cana-de-acucar
4213401;840000;Cana-de-acucar
4213807;690000;Cana-de-acucar
4214201;83847;Soja
4214409;30600;Laranja
4214607;95277;Laranja
4214805;187500;Laranja
4215059;2346;Feijao
4215075;2487;Feijao
4215109;1880000;Cana-de-acucar
4215505;10000;Trigo
4215554;79200;Soja
4215604;4013;Fumo
4215679;261975;Laranja
4215687;5440;Mandioca
4215695;1199;Feijao
4215802;7416;Feijao
4215901;37726;Laranja
4216008;72810;Milho
4216107;79350;Soja
4216255;72295;Soja
4216354;1685;Feijao
4216404;78140;Milho
4217105;8500;Feijao
4217154;62400;Soja
4217204;1335600;Soja
4217501;7049;Feijao
4217600;32375;Milho
4217709;214560;Soja
4217808;25723;Trigo
4218004;2790000;Cana-de-acucar
4218103;877500;Cana-de-acucar
4218202;1610000;Cana-de-acucar
4218350;1773300;Cana-de-acucar
4218509;54000;Batata
4218707;44000;Arroz
4218806;78390;Arroz
4219002;15600;Mandioca
4219101;49500;Milho
4219150;5000;Mandioca
4219309;169500;Milho
4219408;10560;Trigo
4219853;13600;Batata
4220000;123600;Milho
4300034;1665000;Cana-de-acucar
4300109;621350;Cana-de-acucar
4300208;45342;Milho
4300406;3400000;Cana-de-acucar
4300554;52800;Milho
4300661;15707;Trigo
4300802;60720;Soja
4300851;873468;Cana-de-acucar
4300877;296400;Soja
4300901;15800;Batata
4301057;1509200;Cana-de-acucar
4301073;1280000;Cana-de-acucar
4301305;1270994;Cana-de-acucar
4301404;61200;Milho
4301602;1508833;Cana-de-acucar
4301701;5550;Feijao
4301800;1900;Feijao
4301859;320400;Soja
4301875;204795;Arroz
4301909;92750;Arroz
4301925;27920;Café
4301958;96600;Soja
4302006;552900;Milho
4302220;161325;Milho
4302303;832594;Cana-de-acucar
4302378;1150000;Cana-de-acucar
4302659;187000;Soja
4302709;1626200;Cana-de-acucar
4302808;1439999;Cana-de-acucar
4302907;97652;Arroz
4303004;221144;Arroz
4303202;422400;Soja
4303400;85500;Soja
4303509;235116;Arroz
4303608;74700;Milho
4303707;8424;Café
4304002;82974;Milho
4304101;38268;Milho
4304200;67860;Arroz
4304309;1517120;Cana-de-acucar
4304358;136500;Soja
4304408;111040;Soja
4304622;25400;Uva
4304630;52640;Milho
4304655;4500;Feijao
4304663;58449;Arroz
4304671;3368860;Cana-de-acucar
4304689;203400;Soja
4304713;1693440;Cana-de-acucar
4304853;4000;Fumo
4305009;14040;Café
4305306;65000;Laranja
4305355;37200;Arroz
4305371;12090;Fumo
4305405;2520000;Cana-de-acucar
4305439;243948;Soja
4305603;39270;Milho
4305835;55710;Mandioca
4306007;72130;Soja
4306056;33117;Arroz
4306205;1020000;Cana-de-acucar
4306320;5060;Mandioca
4306353;900000;Cana-de-acucar
4306379;2163000;Cana-de-acucar
4306452;105080;Soja
4306601;372562;Arroz
4306700;786480;Soja
4306734;37200;Milho
4306767;1260000;Cana-de-acucar
4306957;7500;Café
4307054;17008;Mandioca
4307906;1476;Feijao
4308003;1620000;Cana-de-acucar
4308409;70374;Arroz
4308656;119700;Soja
4308706;5460;Fumo
4308854;1622;Feijao
4309050;8400;Feijao
4309258;10200;Mandioca
4309308;29289;Arroz
4309407;14000;Trigo
4309654;752000;Cana-de-acucar
4309704;20250;Café
4309753;70200;Soja
4309951;97200;Soja
4310306;33850;Batata
4310405;254520;Soja
4310462;28840;Laranja
4310504;75153;Laranja
4310603;612150;Arroz
4310652;182500;Laranja
4310900;8800;Trigo
4311007;165794;Arroz
4311106;4088500;Cana-de-acucar
4311130;14595;Feijao
4311239;73640;Milho
4311270;118400;Soja
4311403;164858;Soja
4311429;3713;Fumo
4311502;27000;Arroz
4311643;126630;Soja
4311718;397800;Soja
4311734;40500;Batata
4311759;684250;Cana-de-acucar
4311908;66240;Soja
4311981;1770;Feijao
4312104;1224000;Cana-de-acucar
4312138;3872;Feijao
4312153;10800;Trigo
4312179;109380;Milho
4312252;54400;Laranja
4312302;1520;Feijao
4312351;7115;Feijao
4312377;69204;Milho
4312385;5250;Feijao
4312427;36000;Milho
4312500;244484;Arroz
4312617;14000;Café
4312906;15650;Mandioca
4312955;132322;Mandioca
4313060;35331;Trigo
4313086;62900;Soja
4313102;12150;Trigo
4313201;29000;Trigo
4313300;3600;Feijao
4313334;93600;Soja
4313359;5000;Mandioca
4313375;1050000;Cana-de-acucar
4313391;840000;Cana-de-acucar
4313409;392580;Milho
4313490;135036;Milho
4313508;26000;Arroz
4313656;2000000;Cana-de-acucar
4313706;1235000;Cana-de-acucar
4313904;69090;Soja
4313953;916640;Cana-de-acucar
4314001;13433;Fumo
4314027;30120;Arroz
4314035;313035;Milho
4314068;6800000;Cana-de-acucar
4314076;2167;Feijao
4314100;635000;Cana-de-acucar
4314134;15514;Feijao
4314159;885000;Cana-de-acucar
4314175;2975000;Cana-de-acucar
4314209;732000;Cana-de-acucar
4314407;70507;Arroz
4314498;296194;Soja
4314506;1680;Feijao
4314548;6150;Feijao
4314555;12630;Mandioca
4314704;6990;Feijao
4314753;21000;Mandioca
4314803;42315;Mandioca
4315073;9000;Trigo
4315131;1300000;Cana-de-acucar
4315156;4442;Feijao
4315305;98971;Arroz
4315313;29250;Batata
4315404;67650;Soja
4315503;125356;Arroz
4315602;149705;Arroz
4315701;864000;Cana-de-acucar
4315750;28764;Laranja
4315800;75300;Milho
4315958;26033;Mandioca
4316105;288000;Laranja
4316402;1003590;Cana-de-acucar
4316428;115200;Soja
4316501;85994;Soja
4316709;10617;Mandioca
4316758;29930;Milho
4316907;57225;Arroz
4316956;59700;Milho
4316972;976225;Cana-de-acucar
4317004;2572100;Cana-de-acucar
4317103;67089;Arroz
4317251;84000;Soja
4317301;587687;Arroz
4317400;8327;Feijao
4317608;167706;Soja
4317707;23712;Arroz
4317806;93100;Soja
4317905;628520;Cana-de-acucar
4318002;377811;Arroz
4318101;27013;Arroz
4318309;1095000;Cana-de-acucar
4318408;464688;Milho
4318432;1120;Feijao
4318465;133740;Soja
4318507;680000;Cana-de-acucar
4318614;8460;Café
4318622;28828;Uva
4318705;59400;Milho
4318804;73811;Arroz
4318903;14150;Mandioca
4319158;7064;Café
4319208;45090;Milho
4319406;28560;Arroz
4319505;172800;Soja
4319604;126764;Arroz
4319711;28880;Café
4319752;105000;Mandioca
4319802;528000;Soja
4320263;68390;Milho
4320354;113070;Soja
4320404;664826;Cana-de-acucar
4320552;2224195;Cana-de-acucar
4320651;5060;Mandioca
4320677;103350;Soja
4320701;27560;Uva
4321105;100695;Arroz
4321329;85000;Soja
4321352;74496;Soja
4321451;11520;Feijao
4321477;32399;Milho
4321501;3187000;Cana-de-acucar
4321600;35100;Milho
4322004;65700;Arroz
4322301;125400;Milho
4322327;83948;Mandioca
4322400;755486;Arroz
4322509;169200;Soja
4322525;60300;Batata
4322541;4800;Mandioca
4322806;12758;Café
4322905;28170;Café
4323002;147225;Arroz
4323101;95700;Soja
4323358;8400;Café
4323408;112200;Milho
4323457;1264000;Cana-de-acucar
4323705;79945;Soja
4323754;12416;Café
4323804;3420;Feijao
5000252;9096;Café
5001243;711999;Cana-de-acucar
5001508;129240;Soja
5001904;6516;Café
5002605;15125;Trigo
5002704;1200000;Cana-de-acucar
5002951;1360000;Cana-de-acucar
5003108;120000;Batata
5003256;94251;Algodao
5003504;1008000;Cana-de-acucar
5003702;54095;Milho
5003751;1488;Feijao
5003801;1653280;Soja
5004700;445200;Soja
5004908;18875;Mandioca
5005202;68000;Mandioca
5005608;1840000;Cana-de-acucar
5005806;6250;Mandioca
5006002;91720;Milho
5006275;64350;Laranja
5006358;68400;Milho
5006903;27400;Batata
5007208;38250;Batata
5007307;92603;Soja
5007703;42806;Café
5007901;2187968;Cana-de-acucar
5007976;74800;Laranja
5100250;1956431;Cana-de-acucar
5100300;674940;Cana-de-acucar
5100409;65013;Soja
5100508;5000;Mandioca
5101407;73080;Soja
5101704;13950;Feijao
5101803;1345500;Milho
5101902;702500;Cana-de-acucar
5102504;96000;Soja
5102637;302519;Algodao
5102678;360750;Algodao
5102686;178836;Algodao
5102694;66000;Soja
5102793;831600;Cana-de-acucar
5103007;5100;Mandioca
5103056;752000;Cana-de-acucar
5103106;50400;Batata
5103205;136530;Laranja
5103254;2029200;Cana-de-acucar
5103353;2107210;Cana-de-acucar
5103379;3797201;Cana-de-acucar
5103437;81975;Soja
5103502;227588;Algodao
5103601;183184;Soja
5103700;2660500;Cana-de-acucar
5103858;3260000;Cana-de-acucar
5103908;900000;Cana-de-acucar
5103957;1620;Feijao
5104104;65445;Mandioca
5104203;102600;Soja
5104500;16650;Mandioca
5104526;1946700;Cana-de-acucar
5104542;32000;Milho
5104559;1346400;Cana-de-acucar
5104807;96000;Milho
5104906;3255;Feijao
5105101;760200;Cana-de-acucar
5105259;935000;Cana-de-acucar
5105309;48653;Milho
5105507;65520;Soja
5105580;1072000;Cana-de-acucar
5105606;3090;Feijao
5105622;10800;Mandioca
5105903;253260;Soja
5106109;780518;Cana-de-acucar
5106158;10350;Mandioca
5106190;1528001;Cana-de-acucar
5106208;385200;Soja
5106224;97976;Algodao
5106240;877198;Cana-de-acucar
5106257;1518750;Cana-de-acucar
5106273;632345;Cana-de-acucar
5106299;334800;Soja
5106307;39600;Arroz
5106372;63360;Algodao
5106505;7091;Trigo
5106851;80220;Milho
5107040;156600;Algodao
5107198;910000;Cana-de-acucar
5107206;653940;Cana-de-acucar
5107248;1900000;Cana-de-acucar
5107263;300300;Soja
5107297;977500;Cana-de-acucar
5107305;650000;Cana-de-acucar
5107602;845000;Cana-de-acucar
5107701;1275000;Cana-de-acucar
5107768;55763;Algodao
5107792;653600;Cana-de-acucar
5107859;1050;Feijao
5107875;756891;Algodao
5107925;3283000;Cana-de-acucar
5107941;34200;Arroz
5107958;804000;Cana-de-acucar
5108006;89306;Algodao
5108105;70000;Soja
5108352;854000;Cana-de-acucar
5108402;14000;Mandioca
5108600;1203;Feijao
5108808;1094780;Cana-de-acucar
5108857;1184000;Cana-de-acucar
5200050;2137860;Cana-de-acucar
5200100;768573;Cana-de-acucar
5200159;5760;Fumo
5200175;913826;Cana-de-acucar
5200258;22290;Mandioca
5200506;61200;Soja
5200605;1080000;Cana-de-acucar
5200803;672000;Cana-de-acucar
5200829;477910;Soja
5200852;27319;Laranja
5201108;227700;Soja
5201207;782000;Cana-de-acucar
5201405;475490;Soja
5201454;2625000;Cana-de-acucar
5201504;832000;Cana-de-acucar
5201603;675000;Cana-de-acucar
5202155;1091880;Soja
5202502;2824640;Cana-de-acucar
5202601;158373;Milho
5202809;960000;Cana-de-acucar
5203401;3040000;Cana-de-acucar
5203500;2446208;Cana-de-acucar
5203609;26050;Café
5203807;880000;Cana-de-acucar
5203906;680000;Cana-de-acucar
5203962;91377;Milho
5204003;731000;Cana-de-acucar
5204201;14000;Batata
5204409;39840;Milho
5204607;48000;Milho
5204656;996880;Cana-de-acucar
5204904;192420;Milho
5205000;126000;Soja
5205059;1361800;Cana-de-acucar
5205109;707000;Cana-de-acucar
5205208;107450;Uva
5205307;7920;Mandioca
5205901;11760;Trigo
5206305;1572525;Cana-de-acucar
5206404;847450;Cana-de-acucar
5206503;1422000;Cana-de-acucar
5206602;157904;Soja
5206800;83100;Soja
5206909;5443200;Cana-de-acucar
5207105;892500;Cana-de-acucar
5207535;3842000;Cana-de-acucar
5207808;2535000;Cana-de-acucar
5207907;63480;Arroz
5208152;1320000;Cana-de-acucar
5208509;3840;Feijao
5208707;817120;Cana-de-acucar
5208905;2625000;Cana-de-acucar
5209150;1368000;Cana-de-acucar
5209200;4791;Mandioca
5209291;733000;Cana-de-acucar
5209408;127096;Milho
5209606;66780;Laranja
5209952;99282;Soja
5210000;620500;Cana-de-acucar
5210109;2200500;Cana-de-acucar
5210307;1600000;Cana-de-acucar
5210802;506671;Soja
5211008;935610;Cana-de-acucar
5211206;1260000;Cana-de-acucar
5211305;2640000;Cana-de-acucar
5211404;720000;Cana-de-acucar
5211602;898560;Cana-de-acucar
5211800;129026;Milho
5212055;3525;Fumo
5212204;220500;Milho
5212253;113112;Soja
5212709;3612;Feijao
5212808;2208793;Cana-de-acucar
5213004;79200;Soja
5213087;18088;Mandioca
5213103;600566;Cana-de-acucar
5213400;640000;Cana-de-acucar
5213509;873000;Cana-de-acucar
5214002;148770;Soja
5214101;780000;Cana-de-acucar
5214408;33600;Mandioca
5214507;14708;Café
5214838;103840;Soja
5214861;1743000;Cana-de-acucar
5214903;9075;Mandioca
5215256;1717575;Cana-de-acucar
5215405;40864;Uva
5215504;1926;Feijao
5215652;1780000;Cana-de-acucar
5215702;10755;Feijao
5215801;230100;Soja
5215900;2931;Feijao
5216007;1690000;Cana-de-acucar
5216304;2032500;Cana-de-acucar
5216403;1750000;Cana-de-acucar
5217203;1310955;Cana-de-acucar
5217302;31800;Milho
5217401;722500;Cana-de-acucar
5217609;4008;Feijao
5217708;900000;Cana-de-acucar
5218003;87258;Soja
5218300;1056000;Cana-de-acucar
5218391;31200;Batata
5218508;80703;Soja
5218607;670000;Cana-de-acucar
5218789;2009600;Cana-de-acucar
5218904;9515;Mandioca
5219100;3040000;Cana-de-acucar
5219209;50000;Batata
5219258;63000;Soja
5219308;130238;Milho
5219357;122100;Milho
5219407;1118260;Cana-de-acucar
5219506;748000;Cana-de-acucar
5219605;131220;Milho
5219712;3798;Feijao
5219753;622544;Cana-de-acucar
5219803;1360000;Cana-de-acucar
5220009;2440;Fumo
5220058;368880;Soja
5220108;32200;Milho
5220157;1546380;Cana-de-acucar
5220280;347900;Soja
5220454;1570;Feijao
5220603;2310000;Cana-de-acucar
5220702;2240000;Cana-de-acucar
5221080;140598;Soja
5221304;872200;Cana-de-acucar
5221403;3102500;Cana-de-acucar
5221452;1270800;Milho
5221551;1169950;Cana-de-acucar
5221601;1078000;Cana-de-acucar
5221809;219119;Milho
5221858;722500;Cana-de-acucar
5222054;5000;Mandioca
