;Rondônia;Rondônia;Rondônia;Rondônia;Rondônia;Rondônia;Acre;Acre;Acre;Acre;Acre;Acre;Amazonas;Amazonas;Amazonas;Amazonas;Amazonas;Amazonas;Roraima;Roraima;Roraima;Roraima;Roraima;Roraima;Pará;Pará;Pará;Pará;Pará;Pará;Amapá;Amapá;Amapá;Amapá;Amapá;Amapá;Tocantins;Tocantins;Tocantins;Tocantins;Tocantins;Tocantins;Maranhão;Maranhão;Maranhão;Maranhão;Maranhão;Maranhão;Piauí;Piauí;Piauí;Piauí;Piauí;Piauí;Ceará;Ceará;Ceará;Ceará;Ceará;Ceará;Rio Grande do Norte;Rio Grande do Norte;Rio Grande do Norte;Rio Grande do Norte;Rio Grande do Norte;Rio Grande do Norte;Paraíba;Paraíba;Paraíba;Paraíba;Paraíba;Paraíba;Pernambuco;Pernambuco;Pernambuco;Pernambuco;Pernambuco;Pernambuco;Alagoas;Alagoas;Alagoas;Alagoas;Alagoas;Alagoas;Sergipe;Sergipe;Sergipe;Sergipe;Sergipe;Sergipe;Bahia;Bahia;Bahia;Bahia;Bahia;Bahia;Minas Gerais;Minas Gerais;Minas Gerais;Minas Gerais;Minas Gerais;Minas Gerais;Espírito Santo;Espírito Santo;Espírito Santo;Espírito Santo;Espírito Santo;Espírito Santo;Rio de Janeiro;Rio de Janeiro;Rio de Janeiro;Rio de Janeiro;Rio de Janeiro;Rio de Janeiro;São Paulo;São Paulo;São Paulo;São Paulo;São Paulo;São Paulo;Paraná;Paraná;Paraná;Paraná;Paraná;Paraná;Santa Catarina;Santa Catarina;Santa Catarina;Santa Catarina;Santa Catarina;Santa Catarina;Rio Grande do Sul;Rio Grande do Sul;Rio Grande do Sul;Rio Grande do Sul;Rio Grande do Sul;Rio Grande do Sul;Mato Grosso do Sul;Mato Grosso do Sul;Mato Grosso do Sul;Mato Grosso do Sul;Mato Grosso do Sul;Mato Grosso do Sul;Mato Grosso;Mato Grosso;Mato Grosso;Mato Grosso;Mato Grosso;Mato Grosso;Goiás;Goiás;Goiás;Goiás;Goiás;Goiás;Distrito Federal;Distrito Federal;Distrito Federal;Distrito Federal;Distrito Federal;Distrito Federal
;2016;2017;2018;2019;2020;2021;2016;2017;2018;2019;2020;2021;2016;2017;2018;2019;2020;2021;2016;2017;2018;2019;2020;2021;2016;2017;2018;2019;2020;2021;2016;2017;2018;2019;2020;2021;2016;2017;2018;2019;2020;2021;2016;2017;2018;2019;2020;2021;2016;2017;2018;2019;2020;2021;2016;2017;2018;2019;2020;2021;2016;2017;2018;2019;2020;2021;2016;2017;2018;2019;2020;2021;2016;2017;2018;2019;2020;2021;2016;2017;2018;2019;2020;2021;2016;2017;2018;2019;2020;2021;2016;2017;2018;2019;2020;2021;2016;2017;2018;2019;2020;2021;2016;2017;2018;2019;2020;2021;2016;2017;2018;2019;2020;2021;2016;2017;2018;2019;2020;2021;2016;2017;2018;2019;2020;2021;2016;2017;2018;2019;2020;2021;2016;2017;2018;2019;2020;2021;2016;2017;2018;2019;2020;2021;2016;2017;2018;2019;2020;2021;2016;2017;2018;2019;2020;2021;2016;2017;2018;2019;2020;2021
Total;626280;685672;657384;740890;813919;876283;107294;100543;85330;81903;81580;86610;123625;131242;123073;123121;123071;105834;64121;58398;75980;81597;94052;109373;1567967;1728939;1703136;1820267;2015845;2159317;37651;42260;36828;37334;38679;28338;1232549;1282545;1361447;1427218;1544996;1812917;1597851;1810133;1821742;1722710;1719056;1811092;1491070;1630546;1650461;1638585;1659140;1764444;1438053;1521932;1471602;1372558;1385916;1408135;280160;296147;311030;323868;327500;296355;362119;342576;377166;357769;369192;335845;858635;799091;788874;747128;794490;802278;455548;521140;449703;490459;464077;506101;361499;339822;279276;274263;278043;296948;4574500;4075524;4127884;4122259;4139407;4200124;5534141;5296173;5351586;5627003;5833639;5997992;616289;584314;567298;558348;565189;578997;123978;116185;109610;113402;112457;115979;8631378;8824386;8654621;8871308;8863353;8811248;10732006;10658069;10477235;10671580;10866307;11139398;1577861;1569090;1517154;1509001;1511365;1570172;8934034;9072148;9071071;9220201;9532319;9963383;4945499;5284089;5476878;5794832;5956921;6405809;14551044;15619823;15523336;16640532;17188641;17968089;6345627;6436529;6351417;6676276;6935757;7354306;166489;162894;165073;165445;171565;166865
Abacate;-;-;-;-;8;-;112;114;108;106;106;-;57;50;51;46;68;115;-;50;-;-;-;-;17;17;17;10;8;8;-;-;-;-;-;-;-;-;-;-;-;-;-;-;-;-;-;-;-;-;-;-;-;-;456;458;460;690;741;1368;45;49;45;47;47;48;70;66;80;79;81;82;37;75;31;44;38;48;8;102;101;111;118;118;-;-;-;-;-;-;239;350;278;271;277;317;2924;4062;4650;4898;5207;5645;345;389;422;773;855;918;30;31;40;37;39;40;4921;5512;6343;6544;7131;7666;1045;1106;1128;1152;1291;1370;4;6;2;4;4;4;393;371;367;383;336;329;-;-;-;-;-;-;-;-;-;-;-;-;77;108;87;38;38;38;153;149;140;140;140;140
Abacaxi*;927;1081;938;768;938;784;597;616;529;521;528;526;4330;2352;2278;2821;2738;2389;208;218;339;410;415;415;13429;11543;18779;14032;13680;13917;1270;1364;1149;1146;1206;1276;3350;4467;3954;4288;4727;4783;1726;1376;1470;1318;1081;1096;-;-;-;-;-;-;87;45;27;27;38;20;2429;2511;2585;2545;2545;2570;9435;12136;10912;10066;9055;8791;1074;1146;1335;1393;1418;1292;1656;2762;3068;3535;3591;3619;695;1156;1158;1169;926;825;3508;3607;2422;2505;2499;2574;7915;7508;6390;5981;5757;5322;2429;2415;2423;2426;2236;2239;3615;4559;4557;4611;4559;4548;3356;1011;3371;2955;2684;2588;409;644;520;523;536;497;9;6;16;14;14;14;300;298;314;298;288;287;239;274;253;289;271;242;1449;1377;1466;1516;1391;1401;2815;2798;1707;1889;1927;1849;2;16;6;6;6;6
Açaí;-;462;324;268;356;223;-;-;100;100;100;130;845;5052;5022;5246;5309;5830;485;508;609;600;603;306;166509;188483;172016;188015;212479;198963;-;-;-;-;-;-;-;139;127;176;210;200;-;463;578;582;649;812;-;-;-;-;-;-;-;-;-;-;-;-;-;-;-;-;-;-;-;-;-;-;-;-;-;-;-;-;3;3;5;41;53;37;56;78;-;-;-;-;-;-;146;1159;1229;1544;1674;1696;-;-;-;-;-;-;34;53;51;51;54;54;-;-;-;-;9;-;-;-;-;-;-;-;-;-;-;-;-;-;-;-;-;-;-;-;-;-;-;-;-;-;-;-;-;-;-;-;-;-;-;-;6;6;-;-;-;-;-;-;-;-;-;-;-;-
Alfafa fenada;...;...;...;...;...;...;...;...;...;...;...;...;...;...;...;...;...;...;...;...;...;...;...;...;...;...;...;...;...;...;...;...;...;...;...;...;...;...;...;...;...;...;...;...;...;...;...;...;...;...;...;...;...;...;...;...;...;...;...;...;...;...;...;...;...;...;...;...;...;...;...;...;...;...;...;...;...;...;...;...;...;...;...;...;...;...;...;...;...;...;...;...;...;...;...;...;...;...;...;...;...;...;...;...;...;...;...;...;...;...;...;...;...;...;...;...;...;...;...;...;...;...;...;...;...;...;...;...;...;...;...;...;...;...;...;...;...;...;...;...;...;...;...;...;...;...;...;...;...;...;...;...;...;...;...;...;...;...;...;...;...;...
Algodão arbóreo (em caroço);-;-;-;-;-;-;-;-;-;-;-;-;-;-;-;-;-;-;-;-;-;-;-;-;-;-;-;-;-;-;-;-;-;-;-;-;-;-;-;-;-;-;-;-;-;-;-;-;-;-;-;-;-;-;-;-;-;-;-;-;-;-;-;-;-;-;-;-;-;-;-;-;-;-;-;-;-;8;-;-;-;-;-;-;-;-;-;-;-;-;-;-;-;-;-;-;-;-;-;-;-;-;-;-;-;-;-;-;-;-;-;-;-;-;-;-;-;-;-;-;-;-;-;-;-;-;-;-;-;-;-;-;-;-;-;-;-;-;-;-;-;-;-;-;-;-;-;-;-;-;-;-;-;-;-;-;-;-;-;-;-;-
Algodão herbáceo (em caroço);350;-;-;-;-;-;-;-;-;-;-;-;-;-;-;-;-;-;900;2500;-;-;-;-;-;-;-;-;-;-;-;-;-;-;-;-;3980;3620;2000;3859;5725;1521;20913;22491;22342;27752;26536;25924;5536;5423;7369;15498;18401;9705;406;516;1611;2928;3233;2610;271;266;266;324;273;270;179;417;479;914;2197;1539;38;50;52;197;85;163;60;31;113;164;638;1060;-;-;-;55;-;-;279870;197676;267107;330782;313648;275517;19669;18854;22286;42224;39135;26173;-;-;-;-;-;-;-;-;-;-;-;-;4893;4439;5797;13839;12633;5767;-;-;154;302;141;97;-;-;-;-;-;-;-;-;-;-;-;-;29650;28841;30450;37895;31655;23005;606314;616374;761864;1106497;1140416;963041;29273;26606;28136;44215;38522;33503;-;25;-;-;-;-
Alho;-;-;-;-;-;-;-;-;-;-;-;-;-;-;-;-;-;-;-;-;-;-;-;-;-;-;-;-;-;-;-;-;-;-;-;-;-;-;-;-;-;-;-;-;-;-;-;-;-;-;-;-;-;-;-;-;-;-;-;-;-;-;-;-;-;3;2;1;2;3;3;3;-;-;-;-;-;-;-;-;-;-;-;-;-;-;-;-;-;-;645;629;516;524;609;535;3212;2644;3051;3424;4054;4861;72;92;164;154;157;154;-;-;-;-;-;-;12;19;24;23;26;26;349;444;434;305;329;306;2500;2229;1771;1655;1726;1881;2082;2019;1920;1946;1598;1488;-;-;-;-;-;-;-;-;-;-;-;-;2203;2348;2480;2788;3425;3500;329;262;300;300;300;300
Amendoim (em casca);71;118;96;109;128;118;222;165;133;85;84;85;-;-;-;-;-;-;-;-;-;-;-;-;59;62;62;97;93;88;-;-;-;-;-;-;1185;112;353;279;433;29;106;68;149;122;159;152;70;70;67;60;50;53;361;659;488;424;472;475;-;-;-;-;-;-;555;527;694;677;690;505;19;10;52;47;42;42;1422;1891;2151;2274;2384;2178;656;702;797;784;820;826;5642;5169;4718;4796;3980;4009;2097;3817;3685;2547;3831;5791;-;2;2;2;2;2;-;-;-;-;-;-;136452;134555;132438;152578;158973;183144;1980;2042;1760;2151;1949;1573;112;109;63;45;30;5;2740;2711;2485;2063;1791;1708;960;1615;1310;2089;2065;2517;129;115;362;446;881;635;70;30;-;-;-;-;4;-;-;-;-;-
Arroz (em casca);43980;36726;39063;43325;40859;40041;4986;4680;4372;3850;3762;3637;361;322;548;494;783;523;9878;9918;10062;12400;10310;12210;72973;68434;39031;38241;43542;44696;1470;1497;854;825;867;842;110974;111452;123301;123022;128570;125084;168407;155584;130101;91832;90977;96544;75681;68044;65396;46513;54198;56382;6143;6716;6535;5250;5269;5633;808;851;859;885;878;900;823;1067;1588;2187;1919;1953;359;651;556;504;604;804;2743;3775;3092;3008;2344;3440;4580;4745;3997;3631;4620;6126;7074;1022;449;317;480;477;7424;3694;3084;3084;2785;2679;198;93;119;98;91;98;251;340;319;286;34;295;10996;10718;12201;11491;11307;10842;25673;25572;23904;23121;20905;21252;147483;146796;142919;143072;148938;147794;1088566;1104732;1068311;982886;951397;949611;14887;15342;12796;9542;9410;10222;174263;206217;155776;136797;116625;122627;23662;21784;27093;40547;28461;25814;-;-;-;-;-;-
Aveia (em grão);-;-;-;-;-;-;-;-;-;-;-;-;-;-;-;-;-;-;-;-;-;-;-;-;-;-;-;-;-;-;-;-;-;-;-;-;-;-;-;-;-;-;-;-;-;-;-;-;-;-;-;-;-;-;-;-;-;-;-;-;-;-;-;-;-;-;-;-;-;-;-;-;-;-;-;-;-;-;-;-;-;-;-;-;-;-;-;-;-;-;-;-;-;-;-;-;450;8292;9496;8469;5706;4863;-;-;-;-;-;-;-;-;-;-;-;-;6471;7769;5973;6030;8851;10372;64261;70067;80104;89812;81696;98908;16135;16981;23579;26879;24215;22715;227642;253534;284826;288084;324240;345511;15300;20198;38958;40210;33000;23441;-;-;-;-;-;-;-;-;-;-;-;-;-;-;-;-;-;-
Azeitona;-;-;-;-;-;-;-;-;-;-;-;-;-;-;-;-;-;-;-;-;-;-;-;-;-;-;-;-;-;-;-;-;-;-;-;-;-;-;-;-;-;-;-;-;-;-;-;-;-;-;-;-;-;-;-;-;-;-;-;-;-;-;-;-;-;-;-;-;-;-;-;-;-;-;-;-;-;-;-;-;-;-;-;-;-;-;-;-;-;-;-;-;3;3;-;3;151;216;346;349;391;445;1;1;-;2;-;-;-;-;-;-;-;-;32;99;56;166;201;212;-;-;-;-;-;-;20;-;-;-;-;-;371;647;717;904;1309;1464;-;-;-;-;-;-;-;-;-;-;-;-;-;-;-;-;-;-;-;-;-;-;-;-
Banana (cacho);7783;8808;6528;6350;6630;6807;8502;8745;8485;8350;7850;7770;6755;8445;8071;6773;6558;6395;8963;6467;6151;6583;6596;5675;42510;43911;35348;35967;35656;39736;2247;2195;1699;1694;1724;1753;3207;2726;11244;12021;3392;3860;6941;7106;6196;4711;4216;4407;1967;1852;2012;2415;2535;2591;39140;40033;34378;35027;35690;35997;5191;7455;7809;7706;7804;7928;10814;9899;10668;10843;10706;10599;36679;37038;41581;44457;44556;43228;4789;11201;7840;8688;8814;9022;2078;2020;2031;2033;1874;1974;68220;73080;66046;65545;64933;65574;44769;41577;46910;48112;47875;47734;23535;25023;28198;28256;28837;28797;20774;11429;9277;9469;8767;8445;52852;49991;49210;50699;49093;48321;8016;7800;7504;8193;8199;7135;29575;29145;28927;29364;29592;29646;11857;11859;11883;11892;12161;12208;1585;1649;1360;1652;1192;1444;6967;6724;7099;7088;6778;6897;13584;13719;13586;13852;13880;12258;166;169;174;174;174;174
Batata-doce;-;-;-;-;-;-;109;104;93;88;88;87;473;500;423;350;570;453;46;87;76;250;240;257;30;30;25;25;25;27;-;-;-;-;-;-;-;-;-;1;1;5;60;8;6;4;3;2;41;39;48;40;31;27;2638;3305;4064;4801;5205;5265;3600;4289;4443;4873;4979;4672;3949;4687;4725;5149;5087;4496;1753;3027;2492;3691;3477;3071;2459;2964;3635;4303;4463;4316;3051;3465;2709;3791;4066;2905;1641;1271;994;1053;975;1047;3369;2746;2600;3352;3825;3714;173;249;251;298;354;352;501;481;760;625;690;680;8341;8383;8648;8742;10185;8982;2604;2833;2758;2593;2723;2950;1880;1827;812;988;1109;1119;12523;12975;12779;11973;11291;11666;132;132;200;174;88;112;210;283;211;122;132;132;96;-;-;-;-;-;246;683;250;250;250;250
Batata-inglesa;-;-;-;-;-;-;-;-;-;-;-;-;-;-;-;-;-;-;-;-;-;-;-;-;-;-;-;-;-;-;-;-;-;-;-;-;-;3;-;-;-;-;-;-;-;-;-;-;-;-;-;-;-;-;-;-;-;-;-;-;-;-;-;-;-;-;111;45;15;7;20;-;-;3;-;-;-;-;-;-;-;-;3;3;-;-;-;-;-;-;7160;5890;6713;6773;7910;8521;39431;27444;33271;34696;35665;36908;255;282;320;283;290;323;35;35;27;29;22;11;21651;22111;20939;19541;19542;17670;30249;30890;29912;27122;27160;26895;6535;5987;5336;4607;4325;4005;18596;19325;17485;18664;17686;17684;-;-;-;-;-;-;-;-;-;-;-;-;5930;5843;6311;5146;4540;4308;-;318;100;100;100;100
Borracha (látex coagulado);128;-;-;-;-;-;790;762;848;796;796;801;94;55;40;31;24;25;-;-;-;-;-;-;936;413;814;866;816;866;-;-;-;-;-;-;450;614;994;1025;1096;1651;2053;1635;1688;1509;1170;1060;-;-;-;-;-;-;-;-;-;-;-;-;-;-;-;-;-;-;-;-;-;-;-;-;684;784;678;558;528;538;-;-;-;-;-;-;-;-;-;-;-;-;33122;24962;23607;23628;23627;24311;10931;9152;10874;12375;13429;15649;9030;9076;9679;9819;9988;9756;130;100;110;118;103;117;60781;68567;75179;78853;82054;88366;732;696;728;768;978;993;-;-;-;-;-;-;-;-;-;-;-;-;1413;5799;3415;5505;5760;9591;28105;22117;16976;22070;15802;14533;6899;7320;7555;9043;9215;9520;-;-;-;-;-;-
Borracha (látex líquido);...;...;...;...;...;...;...;...;...;...;...;...;...;...;...;...;...;...;...;...;...;...;...;...;...;...;...;...;...;...;...;...;...;...;...;...;...;...;...;...;...;...;...;...;...;...;...;...;...;...;...;...;...;...;...;...;...;...;...;...;...;...;...;...;...;...;...;...;...;...;...;...;...;...;...;...;...;...;...;...;...;...;...;...;...;...;...;...;...;...;...;...;...;...;...;...;...;...;...;...;...;...;...;...;...;...;...;...;...;...;...;...;...;...;...;...;...;...;...;...;...;...;...;...;...;...;...;...;...;...;...;...;...;...;...;...;...;...;...;...;...;...;...;...;...;...;...;...;...;...;...;...;...;...;...;...;...;...;...;...;...;...
Cacau (em amêndoa);11972;11787;8618;9371;9223;8262;-;-;-;-;-;-;1881;1588;1304;1243;1249;1225;13;12;30;12;12;170;130193;131891;129247;140549;150051;149912;-;-;-;-;-;-;-;-;-;-;-;-;-;-;-;-;-;-;-;-;-;-;-;-;-;-;-;-;2;9;-;-;-;-;-;-;-;-;-;-;-;-;-;-;-;-;-;-;-;-;-;-;-;-;-;-;-;-;-;-;565145;422163;420528;413065;410676;423256;217;210;145;134;126;131;22341;22568;16726;16999;17185;17228;-;-;-;-;-;-;-;-;-;-;-;-;-;-;2;-;-;-;-;-;-;-;-;-;-;-;-;-;-;-;-;-;-;-;-;-;823;980;950;637;629;625;-;-;-;-;-;-;-;-;-;-;-;-
Café (em grão) Total;87437;71635;64850;61800;72189;65134;1475;1648;1195;1201;1047;1100;406;387;258;221;255;257;-;-;-;-;-;-;456;460;324;271;203;199;-;-;-;-;-;-;-;-;-;-;-;-;-;-;-;-;-;-;-;-;-;-;-;-;3393;2891;1784;1447;1432;1407;-;-;-;-;-;-;-;-;-;8;12;15;2560;2236;2159;1423;1258;990;-;-;-;-;-;-;-;-;-;-;-;-;166087;126707;125548;116870;119549;114387;1041541;925256;1014779;990814;1054911;1002787;425085;406095;381857;381013;387026;389026;12629;12216;12197;12374;12360;10726;199844;193564;198755;199718;200368;199810;43388;40168;39017;38002;36864;32865;-;-;-;-;-;-;-;-;-;-;-;-;496;473;253;261;258;247;16293;15756;15540;12898;11814;11672;6996;5647;8144;8184;7598;6801;474;528;518;410;410;410
Café (em grão) Arábica;-;-;-;-;-;-;-;-;-;-;-;-;17;25;24;25;28;38;-;-;-;-;-;-;-;-;-;-;-;-;-;-;-;-;-;-;-;-;-;-;-;-;-;-;-;-;-;-;-;-;-;-;-;-;3266;2764;1657;1320;1320;1297;-;-;-;-;-;-;-;-;-;8;12;15;2560;2236;2159;1423;1258;990;-;-;-;-;-;-;-;-;-;-;-;-;121784;79489;78583;72478;78709;73711;1028716;915234;1005415;981773;1045178;994272;149166;149211;125605;123074;125044;124599;12629;12216;12197;12374;12355;10721;199813;193539;198725;199474;200321;199742;43388;40168;39017;38002;36864;32865;-;-;-;-;-;-;-;-;-;-;-;-;496;473;253;261;258;247;83;63;145;130;117;26;6996;5647;8144;8184;7598;6801;474;528;518;410;410;410
Café (em grão) Canephora;87437;71635;64850;61800;72189;65134;1475;1648;1195;1201;1047;1100;389;362;234;196;227;219;-;-;-;-;-;-;456;460;324;271;203;199;-;-;-;-;-;-;-;-;-;-;-;-;-;-;-;-;-;-;-;-;-;-;-;-;127;127;127;127;112;110;-;-;-;-;-;-;-;-;-;-;-;-;-;-;-;-;-;-;-;-;-;-;-;-;-;-;-;-;-;-;44303;47218;46965;44392;40840;40676;12825;10022;9364;9041;9733;8515;275919;256884;256252;257939;261982;264427;-;-;-;-;5;5;31;25;30;244;47;68;-;-;-;-;-;-;-;-;-;-;-;-;-;-;-;-;-;-;-;-;-;-;-;-;16210;15693;15395;12768;11697;11646;-;-;-;-;-;-;-;-;-;-;-;-
Caju;...;...;...;...;...;...;...;...;...;...;...;...;...;...;...;...;...;...;...;...;...;...;...;...;...;...;...;...;...;...;...;...;...;...;...;...;...;...;...;...;...;...;...;...;...;...;...;...;...;...;...;...;...;...;...;...;...;...;...;...;...;...;...;...;...;...;...;...;...;...;...;...;...;...;...;...;...;...;...;...;...;...;...;...;...;...;...;...;...;...;...;...;...;...;...;...;...;...;...;...;...;...;...;...;...;...;...;...;...;...;...;...;...;...;...;...;...;...;...;...;...;...;...;...;...;...;...;...;...;...;...;...;...;...;...;...;...;...;...;...;...;...;...;...;...;...;...;...;...;...;...;...;...;...;...;...;...;...;...;...;...;...
Cana-de-açúcar;4965;3786;1907;2517;754;683;3079;2437;517;513;490;503;3600;3873;3962;3964;4272;5825;246;238;160;210;200;164;13359;12596;13475;14920;14906;14908;135;95;246;438;393;332;37875;37268;39254;39179;30789;36419;45633;45494;45368;47405;47240;47182;15353;15309;14594;15938;16097;17892;16123;15128;12273;9867;9619;9432;60489;62729;64240;64171;68724;66667;122770;100235;101724;97751;100458;101363;266223;257722;257120;238662;261088;279658;306667;321994;285275;304748;270530;291462;58499;45841;40309;35491;38580;37258;108441;76911;73546;73823;76612;72993;911614;907027;921870;944041;1005145;977766;67906;50109;52242;45360;43217;53374;56770;55579;52676;53512;52958;61454;5590586;5686134;5517302;5540511;5515801;5473240;656903;644108;613484;596978;571873;567429;7628;7628;4022;3849;3919;3917;17828;16737;15691;14782;14538;14239;658282;661906;680611;727753;666447;673388;280191;279282;286180;297100;265149;251025;931242;922717;947391;946985;928046;930954;296;375;205;205;205;205
Cana para forragem;...;...;...;...;...;...;...;...;...;...;...;...;...;...;...;...;...;...;...;...;...;...;...;...;...;...;...;...;...;...;...;...;...;...;...;...;...;...;...;...;...;...;...;...;...;...;...;...;...;...;...;...;...;...;...;...;...;...;...;...;...;...;...;...;...;...;...;...;...;...;...;...;...;...;...;...;...;...;...;...;...;...;...;...;...;...;...;...;...;...;...;...;...;...;...;...;...;...;...;...;...;...;...;...;...;...;...;...;...;...;...;...;...;...;...;...;...;...;...;...;...;...;...;...;...;...;...;...;...;...;...;...;...;...;...;...;...;...;...;...;...;...;...;...;...;...;...;...;...;...;...;...;...;...;...;...;...;...;...;...;...;...
Caqui;-;-;-;-;-;-;-;-;-;-;-;-;-;-;-;-;-;-;-;-;-;-;-;-;-;-;-;-;-;-;-;-;-;-;-;-;-;-;-;-;-;-;-;-;-;-;-;-;-;-;-;-;-;-;-;-;-;-;-;-;-;-;-;-;-;-;-;-;-;-;-;-;-;-;-;-;-;-;-;-;-;-;-;-;-;-;-;-;-;-;28;21;22;23;25;25;681;766;762;850;871;921;27;31;33;33;33;33;520;572;598;610;648;562;3874;3656;3093;3165;3105;3167;810;873;840;717;680;634;256;243;189;185;185;170;2091;2057;2603;2591;2496;2515;-;-;-;-;-;-;-;-;-;-;-;-;-;-;8;5;5;-;-;-;-;-;-;-
Castanha de caju;-;-;-;-;-;-;-;-;-;-;-;-;-;-;-;-;-;-;-;-;-;-;-;-;2323;2335;1835;1153;1110;1064;-;-;-;-;-;-;6;6;6;9;10;10;13379;14326;14129;12554;11214;10880;79344;76486;75453;69391;71132;72332;376295;311543;272762;269829;269900;271072;80432;77397;52885;51397;50896;50345;3958;3449;3537;3406;3194;2951;3586;2849;2516;2407;2307;2165;1214;1039;1070;788;802;777;-;-;-;-;-;-;25749;16082;15692;15507;15470;15439;-;-;-;-;-;-;-;-;-;-;-;-;-;-;-;-;-;-;-;-;-;-;-;-;-;-;-;-;-;-;-;-;-;-;-;-;-;-;-;-;-;-;-;-;-;-;-;-;282;175;165;150;150;150;-;-;-;-;-;-;-;-;-;-;-;-
Cebola;-;-;-;-;-;-;-;-;-;-;-;-;-;8;-;-;-;-;-;-;-;-;-;350;15;20;20;20;21;20;-;-;-;-;-;-;-;-;-;-;-;-;-;-;-;-;-;-;6;6;7;4;3;3;28;-;-;52;53;75;470;215;500;1200;920;230;76;60;156;191;175;160;1120;817;1851;1822;1920;2104;-;-;-;-;30;-;-;-;-;-;-;-;9517;5730;5494;6181;6335;7033;3321;3564;3351;3308;3103;3899;406;308;322;327;330;326;-;-;-;-;-;-;5651;5145;4567;4469;4457;4473;5261;5617;5072;4247;4197;4037;21523;19671;17039;17237;16787;17216;8010;7899;6809;6710;6423;6434;-;-;-;-;-;-;-;-;-;-;-;-;2549;2250;2291;2603;2450;2460;275;520;300;300;300;300
Centeio (em grão);-;-;-;-;-;-;-;-;-;-;-;-;-;-;-;-;-;-;-;-;-;-;-;-;-;-;-;-;-;-;-;-;-;-;-;-;-;-;-;-;-;-;-;-;-;-;-;-;-;-;-;-;-;-;-;-;-;-;-;-;-;-;-;-;-;-;-;-;-;-;-;-;-;-;-;-;-;-;-;-;-;-;-;-;-;-;-;-;-;-;-;-;-;-;-;-;-;-;-;-;-;-;-;-;-;-;-;-;-;-;-;-;-;-;-;-;-;-;-;-;1015;3145;2072;3260;3270;3409;81;65;120;-;-;-;1973;1855;2755;2420;2115;2058;400;500;-;-;-;-;-;-;-;-;-;-;-;-;-;-;-;-;-;-;-;-;-;-
Cevada (em grão);-;-;-;-;-;-;-;-;-;-;-;-;-;-;-;-;-;-;-;-;-;-;-;-;-;-;-;-;-;-;-;-;-;-;-;-;-;-;-;-;-;-;-;-;-;-;-;-;-;-;-;-;-;-;-;-;-;-;-;-;-;-;-;-;-;-;-;-;-;-;-;-;-;-;-;-;-;-;-;-;-;-;-;-;-;-;-;-;-;-;-;-;-;-;-;-;-;624;630;570;-;-;-;-;-;-;-;-;-;-;-;-;-;-;2260;1600;2200;2100;2436;3350;42220;52191;56024;61880;64375;74802;1310;1500;605;940;340;490;45212;65647;41811;47592;37162;36421;-;-;-;-;-;-;-;-;-;-;-;-;-;-;-;-;-;-;53;-;100;100;100;100
Chá-da-índia (folha verde);-;-;-;-;-;-;-;-;-;-;-;-;-;-;-;-;-;-;-;-;-;-;-;-;-;-;-;-;-;-;-;-;-;-;-;-;-;-;-;-;-;-;-;-;-;-;-;-;-;-;-;-;-;-;-;-;-;-;-;-;-;-;-;-;-;-;-;-;-;-;-;-;-;-;-;-;-;-;-;-;-;-;-;-;-;-;-;-;-;-;-;-;-;-;-;-;-;-;-;-;-;-;-;-;-;-;-;-;-;-;-;-;-;-;185;185;207;207;207;207;-;-;4;3;-;-;-;-;-;-;-;-;-;-;-;-;-;-;-;-;-;-;-;-;-;-;-;-;-;-;-;-;-;-;-;-;-;-;-;-;-;-
Coco-da-baía*;300;164;114;154;142;177;211;226;213;209;209;209;1075;1122;1589;743;341;544;92;50;70;77;77;73;19188;18595;18581;17311;19214;17656;-;-;-;-;-;-;620;425;422;230;230;204;2440;2238;2008;1653;1376;1297;714;635;758;559;573;593;38986;38966;38329;38099;39735;40458;14707;15148;16030;15959;15937;15934;7241;6492;6041;5791;5973;5963;5748;6761;7406;8743;7140;7434;21309;22888;21387;21368;20737;22315;34615;32387;25924;24112;22964;22217;69142;47702;44287;37450;36178;36589;2034;1231;1451;1492;1512;1537;9508;9346;9655;9369;9273;9472;3011;3029;2377;2179;2175;2159;1661;1390;1260;1434;1402;1460;231;239;246;235;230;218;-;-;-;-;-;-;-;-;-;-;-;-;176;246;73;56;74;65;892;746;751;743;715;718;880;586;600;513;466;357;-;-;-;-;-;-
Dendê (cacho de coco);-;-;-;-;-;-;-;145;145;145;145;145;362;605;700;270;270;270;140;140;40;140;140;156;99402;101795;148879;164410;188542;183952;-;-;-;-;-;-;-;-;-;-;-;-;-;-;-;-;-;-;-;-;-;-;-;-;-;-;-;-;-;-;-;-;-;-;-;-;-;-;-;-;-;-;-;-;-;-;-;-;-;-;-;-;-;-;-;-;-;-;-;-;35642;12633;12767;13165;13060;13057;-;-;-;-;-;-;-;-;-;-;-;-;-;-;-;-;-;-;-;-;-;-;-;-;-;-;-;-;-;-;-;-;-;-;-;-;-;-;-;-;-;-;-;-;-;-;-;-;-;-;-;-;-;-;-;-;-;-;-;-;-;-;-;-;-;-
Erva-mate (folha verde);-;-;-;-;-;-;-;-;-;-;-;-;-;-;-;-;-;-;-;-;-;-;-;-;-;-;-;-;-;-;-;-;-;-;-;-;-;-;-;-;-;-;-;-;-;-;-;-;-;-;-;-;-;-;-;-;-;-;-;-;-;-;-;-;-;-;-;-;-;-;-;-;-;-;-;-;-;-;-;-;-;-;-;-;-;-;-;-;-;-;-;-;-;-;-;-;-;-;-;-;-;-;-;-;-;-;-;-;-;-;-;-;-;-;-;-;-;-;-;-;31658;33376;26086;26476;29876;30368;13190;11523;16199;15636;14687;13876;33445;30780;28948;28022;27413;27699;328;268;186;171;146;163;-;-;-;-;-;-;-;-;-;-;-;-;-;-;-;-;-;-
Ervilha (em grão);-;-;-;-;-;-;-;-;-;-;-;-;-;-;-;-;-;-;-;-;-;-;-;-;-;-;-;-;-;-;-;-;-;-;-;-;-;-;-;-;-;-;-;-;-;-;-;-;-;-;-;-;-;-;-;-;-;-;-;-;-;-;-;-;-;-;-;-;-;-;-;-;-;-;-;-;-;-;-;-;-;-;-;-;-;-;-;-;-;-;-;-;-;-;-;-;-;542;560;574;617;635;-;-;-;-;-;-;-;-;-;-;-;-;13;10;30;21;21;27;58;54;62;57;57;56;-;-;-;-;-;-;631;479;145;19;221;95;-;-;-;-;-;-;-;-;-;-;-;-;-;-;-;-;-;-;350;32;40;40;40;40
Fava (em grão);-;-;-;-;-;-;-;-;-;-;-;-;-;-;-;-;-;-;-;-;-;-;-;-;-;-;-;-;-;-;-;-;-;-;-;-;-;24;-;-;6;8;258;326;1209;1132;1017;949;2214;2211;2381;2489;2475;2449;5474;9037;14654;13198;13816;13734;1703;1488;1967;3080;3159;1873;7755;8615;11949;10630;10968;8414;2344;1882;3872;4903;5294;5192;415;601;605;579;691;694;63;57;282;241;65;52;-;-;-;-;-;-;-;171;130;90;78;-;-;-;-;-;-;-;-;-;-;-;-;-;-;-;-;-;-;-;-;-;-;-;-;-;-;-;-;-;-;-;13;10;10;8;9;9;-;-;-;-;-;-;-;-;-;-;-;-;-;197;150;-;-;-;-;-;-;-;-;-
Feijão (em grão);18790;17510;17080;16815;16547;13256;7540;6906;6108;5415;5255;5115;2288;1792;1409;1527;1572;1174;2494;1884;793;843;915;850;31361;33478;27112;27464;26199;27016;1300;1412;1006;975;995;4169;16979;18575;18563;29689;38075;53165;71802;74132;67599;53868;48500;47089;219687;234224;237200;196472;202547;191321;383700;445896;426608;380148;375322;376120;36693;44140;55434;56581;53318;39867;81696;82159;96393;89014;93063;74946;240036;224420;195596;178795;190604;187395;37866;47888;27666;28873;35284;34725;13380;15426;6511;5959;5810;4220;371527;374306;364690;357397;355306;340963;339927;305099;297059;324413;324062;311020;10503;11059;11281;9932;9926;9804;1720;1576;1391;1509;1541;1056;112417;97923;93177;98778;90144;82840;386377;438384;411818;419894;382677;429454;73723;77214;70814;63684;56991;59516;61340;68262;59340;62024;60272;61047;15935;23108;22014;24507;23418;20006;251672;259486;266533;170289;215761;241336;143250;154025;150799;148945;137681;138654;16100;14954;15500;13230;18100;9600
Figo;-;-;-;-;-;-;-;-;-;-;-;-;-;-;-;-;-;-;-;-;-;-;-;-;-;-;-;-;-;-;-;-;-;-;-;-;-;-;-;-;-;-;-;-;-;-;-;-;-;-;-;-;-;-;-;-;-;-;-;-;-;-;-;-;-;-;-;-;-;-;-;-;-;-;-;-;-;-;-;-;-;-;-;-;-;-;-;-;-;-;-;-;-;-;-;-;377;202;205;207;209;210;-;-;-;-;-;-;9;-;1;1;1;1;676;623;478;482;485;499;148;143;132;131;127;124;35;32;28;23;26;26;1560;1592;1568;1364;1278;1237;-;-;-;-;-;-;-;-;-;-;-;-;-;-;-;-;-;-;-;-;-;-;-;-
Fumo (em folha);-;-;-;-;-;-;178;195;148;143;142;142;-;-;-;-;-;-;-;-;-;-;-;-;19;17;25;20;20;10;-;-;-;-;-;-;-;-;-;-;-;-;-;-;-;-;-;-;-;-;-;-;-;-;55;54;50;92;75;70;-;-;-;-;-;-;-;-;-;-;-;-;-;-;-;4;2;-;8990;10811;8692;14382;17226;15695;175;187;225;206;210;2;4209;8055;6217;7632;7946;7977;-;557;497;513;444;437;-;-;-;-;-;-;-;-;-;-;-;-;25;21;17;17;13;13;74099;77931;76635;75940;71696;76275;110766;104693;87709;90174;89463;89647;185249;189369;180819;174040;166740;159717;-;-;-;-;-;-;-;-;-;-;-;-;-;-;20;70;100;70;-;-;-;-;-;-
Girassol (em grão);-;-;-;-;-;-;-;-;-;-;-;-;-;-;-;-;-;-;-;-;-;-;-;-;-;-;-;-;-;-;-;-;-;-;-;-;-;-;-;-;-;-;-;-;-;-;-;-;-;-;-;-;-;-;-;-;-;-;-;-;-;-;-;-;-;-;-;-;-;-;-;-;-;-;-;-;-;-;-;-;-;-;-;-;-;-;-;-;-;-;-;-;-;-;-;-;6990;7365;3755;2390;1540;1917;-;-;-;-;-;-;-;-;-;-;-;-;1527;3528;2013;1879;1572;1694;30;30;-;12;32;50;5;5;5;-;-;-;5270;2373;2667;2396;2454;2679;2834;500;150;25;-;-;29122;30320;57250;48350;19911;10870;16351;15143;18289;25859;22872;24235;560;950;700;700;700;700
Goiaba;92;146;90;106;116;83;-;-;-;-;-;-;114;212;126;137;125;138;11;251;10;10;10;4;287;309;313;352;344;344;-;-;-;-;-;-;-;-;-;-;-;-;-;-;4;4;4;4;144;147;64;59;51;55;1549;1547;1411;1333;1366;1397;550;439;394;322;364;342;362;315;319;322;327;330;4060;4050;5049;5662;5735;5581;119;336;377;437;471;481;469;425;207;202;197;177;1538;1998;2365;2286;2090;2190;883;896;1004;1026;1032;1040;361;393;473;471;475;502;611;641;764;725;859;768;4817;5545;6634;6843;6512;6672;638;695;851;933;959;1261;11;19;16;7;18;19;449;448;516;470;440;438;45;42;33;38;24;20;52;52;53;57;55;54;170;204;199;146;151;151;214;302;302;302;302;302
Guaraná (semente);135;138;126;139;117;88;4;5;8;8;8;-;4487;4382;4012;3954;4352;4025;-;-;-;-;-;-;24;29;64;67;67;57;-;-;-;-;-;-;-;-;-;-;-;-;-;-;-;-;-;-;-;-;-;-;-;-;-;-;-;-;-;-;-;-;-;-;-;-;-;-;-;-;-;-;-;-;-;-;-;-;-;-;-;-;-;-;-;-;-;-;-;-;6788;5846;5608;5603;5538;5600;-;-;-;-;-;-;-;-;-;-;-;-;-;-;-;-;-;-;-;-;-;-;-;-;-;-;-;-;-;-;-;-;-;-;-;-;-;-;-;-;-;-;-;-;-;-;-;-;306;319;339;326;334;329;-;-;-;-;-;-;-;-;-;-;-;-
Juta (fibra);-;-;-;-;-;-;-;-;-;-;-;-;166;40;35;5;920;20;-;-;-;-;-;-;-;-;-;4;5;-;-;-;-;-;-;-;-;-;-;-;-;-;-;-;-;-;-;-;-;-;-;-;-;-;-;-;-;-;-;-;-;-;-;-;-;-;-;-;-;-;-;-;-;-;-;-;-;-;-;-;-;-;-;-;-;-;-;-;-;-;-;-;-;-;-;-;-;-;-;-;-;-;-;-;-;-;-;-;-;-;-;-;-;-;-;-;-;-;-;-;-;-;-;-;-;-;-;-;-;-;-;-;-;-;-;-;-;-;-;-;-;-;-;-;-;-;-;-;-;-;-;-;-;-;-;-;-;-;-;-;-;-
Laranja;648;655;456;535;515;358;579;584;530;513;493;505;3338;3104;2784;2594;939;1195;1283;1166;1329;1239;1230;1443;13482;17317;13633;14270;16582;14252;1115;1003;746;640;615;628;127;35;48;64;49;64;747;600;539;212;108;69;288;213;207;168;173;178;1530;1559;1159;1110;1106;1094;135;122;97;81;104;100;717;586;697;709;734;726;544;584;519;594;539;577;7323;10996;11851;12301;11504;11689;46675;42019;33555;32379;31269;30812;57622;49828;53595;51018;49332;49767;41710;39526;36534;36626;38284;38850;1231;1339;1350;1354;1437;1542;3762;4374;4427;5225;5055;4970;404142;404927;376646;377966;362764;369411;24711;23598;22506;21146;20008;19967;3097;2739;1678;1496;1771;1763;24492;23910;22519;22292;21357;21348;804;1056;863;1010;1029;1115;580;615;461;443;476;485;7210;6684;6679;6933;6909;6902;152;73;50;50;50;50
Limão;420;434;326;371;400;357;357;386;411;410;416;420;477;513;543;428;256;340;497;454;513;519;517;541;2652;3829;3577;5341;5670;3730;-;-;-;-;-;-;9;6;5;5;6;8;145;104;96;85;89;89;32;32;20;19;20;20;1038;971;982;950;1031;1125;84;85;56;64;82;82;295;434;356;339;324;326;347;495;605;665;745;838;35;272;322;378;432;433;955;897;949;954;807;849;5814;5902;5801;5864;6030;6177;3864;2667;3793;4567;4707;4849;647;571;675;664;757;867;1086;1281;1118;1197;1241;1209;24821;25869;30773;30580;31873;32588;840;961;941;1149;1185;1167;52;64;69;54;59;48;1355;1397;1386;1396;1151;1350;117;76;101;117;117;458;308;317;337;297;331;336;394;108;322;311;100;157;155;186;165;165;165;165
Linho (semente);-;-;-;-;-;-;-;-;-;-;-;-;-;-;-;-;-;-;-;-;-;-;-;-;-;-;-;-;-;-;-;-;-;-;-;-;-;-;-;-;-;-;-;-;-;-;-;-;-;-;-;-;-;-;-;-;-;-;-;-;-;-;-;-;-;-;-;-;-;-;-;-;-;-;-;-;-;-;-;-;-;-;-;-;-;-;-;-;-;-;-;-;-;-;-;-;-;-;-;-;-;-;-;-;-;-;-;-;-;-;-;-;-;-;-;-;-;-;-;-;-;1;-;-;-;-;-;-;-;-;-;-;11660;7604;6050;3957;4185;4993;-;-;-;-;-;-;-;-;-;-;-;-;-;-;-;-;-;-;-;-;-;-;-;-
Maçã;-;13;-;-;-;-;-;-;-;-;-;-;-;-;-;-;-;-;-;-;-;-;-;-;-;-;-;-;-;-;-;-;-;-;-;-;-;-;-;-;-;-;-;-;-;-;-;-;-;-;-;-;-;-;-;-;-;-;-;-;-;-;-;-;-;-;-;-;-;-;-;-;-;-;-;-;-;-;-;-;-;-;-;-;-;-;-;-;-;-;15;-;-;-;-;-;213;141;144;147;184;225;-;-;-;-;-;-;-;-;-;-;-;-;171;215;165;163;160;154;1307;1220;1109;1008;995;1007;16926;16205;15981;15198;15441;15730;15685;15536;15917;15917;15689;15774;-;-;-;-;-;-;-;-;-;-;-;-;-;-;-;-;-;-;-;-;-;-;-;-
Malva (fibra);-;-;-;-;-;-;-;-;-;-;-;-;2360;1383;1483;1247;2156;1290;-;-;-;-;-;-;701;770;781;730;741;861;-;-;-;-;-;-;-;-;-;-;-;-;-;-;-;-;-;-;-;-;-;-;-;-;-;-;-;-;-;-;-;-;-;-;-;-;-;-;-;-;-;-;-;-;-;-;-;-;-;-;-;-;-;-;-;-;-;-;-;-;-;-;-;-;-;-;-;-;-;-;-;-;-;-;-;-;-;-;-;-;-;-;-;-;-;-;-;-;-;-;-;-;-;-;-;-;-;-;-;-;-;-;-;-;-;-;-;-;-;-;-;-;-;-;-;-;-;-;-;-;-;-;-;-;-;-;-;-;-;-;-;-
Mamão;411;303;218;315;279;259;323;321;295;293;292;293;1045;1120;1276;1028;960;594;266;288;188;272;276;211;1602;748;1151;1065;1085;1106;62;60;50;105;98;95;49;42;55;32;20;40;56;188;179;137;122;113;35;27;9;12;14;12;2628;2663;2021;1992;2067;1993;2348;1847;1951;1973;2254;2396;905;984;775;699;734;797;358;203;394;462;461;428;340;565;588;726;746;780;162;65;82;76;69;122;15867;9045;9368;9643;9579;10002;1391;1346;1389;1430;1241;1221;6035;6118;6503;6874;7309;7247;8;2;-;-;2;7;728;341;327;373;360;407;78;75;81;83;89;95;-;-;-;-;-;-;180;176;169;164;96;96;254;144;193;160;135;111;124;117;155;137;129;127;135;47;88;86;63;62;3;25;8;8;8;8
Mamona (baga);-;-;-;-;-;-;-;-;-;-;-;-;-;-;-;-;-;-;-;-;-;-;-;-;-;-;-;-;-;-;-;-;-;-;-;-;-;-;-;-;-;-;-;-;-;-;-;-;481;83;15;-;-;-;4867;2773;763;752;438;299;-;-;-;-;-;-;-;-;-;-;-;-;120;178;15;240;240;300;-;-;-;-;-;-;-;-;-;-;-;-;40565;49169;46163;48559;44738;44971;220;42;5;-;-;-;-;-;-;-;-;-;-;-;-;-;-;-;126;-;-;46;76;28;-;-;-;-;-;-;-;-;-;-;-;-;-;-;-;-;-;-;-;-;-;-;-;-;550;650;1864;1010;259;259;-;-;-;-;-;-;-;-;-;-;-;-
Mandioca;29095;29163;24808;22286;22428;18656;39832;35402;28530;26650;24720;23000;79591;84968;78088;80203;79742;63384;7201;5632;6270;6342;6595;5545;291872;294337;265578;272905;275730;285911;12016;12954;10145;10125;10537;10571;15035;13254;15374;14396;15160;16618;130908;101388;81013;61241;56414;55018;37518;37121;34887;37822;40448;41527;58926;56339;62581;61653;58599;57141;10465;13436;22241;20149;22409;22498;15619;15480;14901;15387;14843;14321;43462;25501;50441;46678;50179;43550;25422;34594;33198;37044;38053;40093;20845;18917;12123;11786;11046;10782;182693;112399;92271;94425;100097;98695;58151;35594;36504;38103;37212;38837;8242;7751;7166;7270;7427;7464;11065;11742;11313;14314;14767;11847;49133;46082;49707;59171;65264;65804;148598;139336;154586;142854;147080;142132;20716;21459;18225;16927;16783;16875;64026;60001;55205;49473;47864;47627;34719;31805;33295;37360;39935;43834;19799;19103;20218;19887;17826;17864;13118;13292;12706;12339;11949;11440;1128;1059;1250;1250;1250;1250
Manga;-;-;-;-;-;-;-;-;-;-;-;-;3;-;-;-;-;-;5;860;5;10;10;9;38;38;37;20;8;8;-;-;-;-;-;-;55;49;105;105;220;231;257;380;116;100;103;95;639;530;537;389;408;410;5345;5642;4372;4391;4369;4248;2917;2845;2825;2832;2741;2742;1308;1214;1204;1193;1134;1073;11240;10968;12032;14176;15192;15946;900;1276;1301;1391;1456;1474;914;844;920;901;840;689;23574;23923;24200;24096;29695;31125;5470;4532;5015;5058;5529;5796;1216;1181;1203;1202;1299;1175;151;137;195;170;135;107;9737;9461;11160;10950;10896;10927;444;389;415;412;427;408;-;-;-;-;-;-;150;153;142;127;109;110;-;-;-;-;-;2;92;75;73;73;65;65;61;37;34;86;180;177;54;54;72;72;72;72
Maracujá;781;431;365;527;404;272;89;110;138;139;164;173;1368;1338;990;825;699;830;167;555;425;419;483;521;1970;1127;1462;1673;1629;1583;149;139;95;95;101;104;52;32;60;84;67;92;32;21;24;20;15;5;23;23;13;26;14;28;5516;5497;6862;6225;8278;7374;702;2551;2036;1087;1817;1858;860;890;1045;1075;1049;1116;701;861;1149;2000;2597;2490;1223;988;1113;1415;1493;1593;809;681;1653;1174;1071;1043;18210;16299;15724;15676;16834;16834;2050;1496;2135;2167;1842;1826;1385;1307;1241;785;757;702;384;458;514;398;439;427;1680;1775;1819;1885;1862;1796;1061;1221;1105;1199;1303;1393;1499;2195;2270;1891;1888;1910;297;293;292;312;303;309;50;82;35;33;49;78;346;346;315;282;272;277;421;324;384;298;341;335;148;150;120;120;120;120
Marmelo;-;-;-;-;-;-;-;-;-;-;-;-;-;-;-;-;-;-;-;-;-;-;-;-;-;-;-;-;-;-;-;-;-;-;-;-;-;-;-;-;-;-;-;-;-;-;-;-;-;-;-;-;-;-;-;-;-;-;-;-;-;-;-;-;-;-;-;-;-;-;-;-;-;-;-;-;-;-;-;-;-;-;-;-;-;-;-;-;-;-;4;4;4;4;4;3;69;18;30;30;32;40;-;-;-;-;-;-;-;-;-;-;-;-;-;-;-;-;-;-;-;-;-;-;-;-;-;-;-;-;-;-;20;20;16;16;16;16;-;-;-;-;-;-;-;-;-;-;-;-;20;20;20;20;20;8;-;-;-;-;-;-
Melancia;1270;904;960;1054;838;723;1522;1619;1381;1335;1332;1341;4070;4282;4362;3455;3045;3000;1804;1408;1835;1509;1530;1576;5686;4332;3982;3970;4313;4180;773;812;630;567;537;515;5515;7913;6369;7657;7716;5178;2577;1927;1681;1665;1473;1416;2869;2336;2373;2531;2667;2690;1438;1240;1605;2425;2497;2200;4993;8559;16019;15268;14988;15128;263;368;253;296;280;299;3199;3632;3619;4686;5276;3113;300;880;960;1100;1450;1453;91;219;186;144;125;132;13259;17953;14371;13239;13621;13440;1214;1452;1934;2055;1487;1720;242;499;410;293;401;383;-;40;-;-;5;3;10539;10554;10173;9498;9220;8577;4155;3831;3542;3507;3019;2738;2735;2545;2095;2052;2454;2359;15835;15464;14221;12761;12075;10927;1451;1633;1612;1224;1257;2119;2273;2369;1880;2090;2142;2047;6347;6857;5961;6190;5497;6370;4;3;3;3;3;3
Melão;-;-;-;-;5;-;-;-;-;-;-;-;12;4;4;2;-;10;6;21;12;20;20;38;11;10;8;8;8;8;-;-;-;-;-;-;38;33;42;28;31;23;19;17;15;14;15;14;950;885;938;779;1160;776;3242;2559;2664;2072;2862;2585;13183;13133;12872;12680;13669;13775;-;20;5;17;7;41;962;1137;1505;2044;1720;1459;108;73;74;78;87;90;-;-;-;-;-;-;2041;3077;2898;2520;3362;3304;-;-;-;-;-;-;-;-;-;-;-;-;-;-;-;-;-;-;17;14;22;11;5;5;351;336;318;294;264;251;55;67;73;70;67;67;1937;1884;1707;1534;1386;1323;61;30;22;30;21;39;173;126;163;163;139;138;-;-;-;-;-;-;-;-;-;-;-;-
Milho (em grão);166818;215716;185413;225372;246609;318460;36387;34850;30140;28970;29870;34105;3920;3638;3612;2890;3066;2882;5130;6625;9155;9621;13900;21373;198461;266993;226708;259122;320749;362071;1672;1679;1408;1248;1306;1338;161258;226619;217873;259121;316908;353551;334109;470456;412696;426096;455590;483152;483738;471678;480675;450951;467765;521923;475646;562831;570213;524476;538259;557785;36866;35404;44783;59896;58887;45473;83798;84454;100290;92791;97765;86374;222514;199008;185695;169246;178021;182855;29510;42199;33234;38627;38523;54308;172285;169462;145126;148624;152103;175237;620836;613214;638261;609846;594905;617726;1219262;1085791;1049785;1125265;1139726;1193535;13305;13122;13930;13130;12822;13787;2817;2763;2544;1784;1655;2019;866512;882763;861700;844611;810287;681655;2584083;2836152;2404747;2632187;2696231;2856885;360341;364414;332921;344237;342869;338887;740510;831221;706160;763097;751573;780142;1686337;1832510;1907544;1983941;1973409;2150745;3900268;4784837;4418507;5026449;5318762;5808096;1574541;1635950;1501508;1668937;1733660;1882705;70163;65334;63600;64000;61200;60000
Noz (fruto seco);-;-;-;-;-;-;-;-;-;-;-;-;-;-;-;-;-;-;-;-;-;-;-;-;-;-;-;-;-;-;-;-;-;-;-;-;-;-;-;-;-;-;-;-;-;-;-;-;-;-;-;-;-;-;-;-;-;-;-;-;-;-;-;-;-;-;-;-;-;-;-;-;-;-;-;-;-;-;-;-;-;-;-;-;-;-;-;-;-;-;-;-;-;-;-;-;-;4;4;10;10;40;-;-;-;-;-;-;-;-;-;-;-;-;840;807;785;7;6;6;518;505;494;259;248;233;15;15;34;43;62;67;2148;2525;2569;3235;3399;3666;-;-;-;-;-;-;-;-;-;-;-;-;-;-;-;-;-;-;-;-;-;-;-;-
Palmito;1151;1193;257;370;-;-;-;100;170;160;160;92;12;-;-;-;-;-;-;-;-;-;-;-;575;575;520;220;220;225;-;-;-;-;-;-;-;-;-;-;-;-;-;-;-;-;-;-;-;-;-;-;-;-;-;-;-;-;-;-;-;-;-;-;-;-;-;-;-;-;-;-;-;-;-;-;-;-;-;-;-;-;-;-;-;-;-;-;-;-;4843;3292;3268;3216;3239;3422;178;134;192;215;226;324;896;1029;1157;1174;1257;1255;409;783;603;593;626;610;9287;8435;10456;10921;10719;10770;1733;2246;1775;3405;3375;3283;3335;3380;5662;5620;5627;5678;-;-;-;-;-;-;-;9;10;42;42;36;986;1019;974;724;661;656;916;857;833;861;819;777;74;74;47;47;47;47
Pera;-;-;-;-;-;-;-;-;-;-;-;-;-;-;-;-;-;-;-;-;-;-;-;-;-;-;-;-;-;-;-;-;-;-;-;-;-;-;-;-;-;-;-;-;-;-;-;-;-;-;-;-;-;-;-;-;-;-;-;-;-;-;-;-;-;-;-;-;-;-;-;-;-;-;-;-;-;-;-;-;-;-;-;-;-;-;-;-;-;-;-;-;-;-;-;-;38;37;28;33;96;96;-;-;-;-;-;-;-;-;-;-;-;-;19;22;45;56;50;35;107;104;117;108;112;111;409;408;406;298;270;270;794;735;688;663;550;533;-;-;-;-;-;-;-;-;-;-;-;-;-;-;-;-;-;-;-;-;-;-;-;-
Pêssego;-;-;-;-;-;-;-;-;-;-;-;-;-;-;-;-;-;-;-;-;-;-;-;-;-;-;-;-;-;-;-;-;-;-;-;-;-;-;-;-;-;-;-;-;-;-;-;-;-;-;-;-;-;-;-;-;-;-;-;-;-;-;-;-;-;-;-;-;-;-;-;-;-;-;-;-;-;-;-;-;-;-;-;-;-;-;-;-;-;-;-;-;-;-;-;-;732;572;585;593;601;603;31;33;43;43;44;44;-;-;-;-;-;-;1556;1503;1569;1490;1491;1475;1083;1057;932;879;804;829;1520;1508;1337;1201;1222;1200;12468;12516;13140;11830;11424;11404;-;-;-;-;-;-;-;-;-;-;-;-;-;-;-;-;-;-;-;-;-;-;-;-
Pimenta-do-reino;88;67;106;107;117;99;-;-;-;-;-;-;9;10;9;15;12;7;-;-;-;-;-;-;16753;16289;15713;16409;16395;16322;-;-;-;-;-;-;-;-;1;-;5;5;37;33;30;19;13;12;-;-;-;-;-;-;-;3;-;-;-;-;-;3;15;15;15;1;86;75;79;79;79;73;-;-;-;-;-;-;181;300;273;271;319;288;-;-;-;-;-;-;1950;2261;2762;3069;3035;2973;23;39;129;222;282;290;6836;9706;15208;15784;17100;17921;-;-;-;-;-;-;-;-;-;-;-;-;1;-;-;-;-;-;-;-;-;-;-;-;-;-;-;-;-;-;-;-;-;-;-;-;15;13;17;8;4;3;-;-;-;-;-;-;-;-;-;-;-;-
Rami (fibra);-;-;-;-;-;-;-;-;-;-;-;-;-;-;-;-;-;-;-;-;-;-;-;-;-;-;-;-;-;-;-;-;-;-;-;-;-;-;-;-;-;-;-;-;-;-;-;-;-;-;-;-;-;-;-;-;-;-;-;-;-;-;-;-;-;-;-;-;-;-;-;-;-;-;-;-;-;-;-;-;-;-;-;-;-;-;-;-;-;-;-;-;-;-;-;-;-;-;-;-;-;-;-;-;-;-;-;-;-;-;-;-;-;-;-;-;-;-;-;-;85;85;-;-;-;-;-;-;-;-;-;-;-;-;-;-;-;-;-;-;-;-;-;-;-;-;-;-;-;-;-;-;-;-;-;-;-;-;-;-;-;-
Sisal ou agave (fibra);-;-;3;3;-;-;-;-;-;-;-;-;-;-;-;-;-;-;-;-;-;-;-;-;-;-;-;-;-;-;-;-;-;-;-;-;-;-;-;-;-;-;-;-;-;-;-;-;-;-;-;-;-;-;27;12;37;37;37;35;160;60;60;60;60;60;5640;5090;5280;5301;5542;5697;-;-;-;-;-;-;-;-;-;-;-;-;-;-;-;-;-;-;193277;94015;90026;93756;93376;94935;-;-;-;-;-;-;-;-;-;-;-;-;-;-;-;-;-;-;-;-;-;-;-;-;-;-;-;-;-;-;-;-;-;-;-;-;-;-;-;-;-;-;-;-;-;-;-;-;-;-;-;-;-;-;-;-;-;-;-;-;-;-;-;-;-;-
Soja (em grão);246171;280103;300816;344551;392642;400459;100;127;480;1660;3280;6185;-;-;-;2500;2700;3000;24035;18725;37670;39930;49800;57277;433813;500385;557542;577764;643267;753781;15442;19050;18800;19476;20300;6715;845745;842160;898582;905281;962399;1171308;783654;817719;926656;977598;960900;1023541;563084;694947;711123;766044;757978;832063;-;-;80;-;450;1414;-;-;-;-;-;-;-;-;-;-;-;-;-;-;-;-;-;300;343;445;1066;3141;1224;3312;-;-;-;-;-;-;1536678;1583864;1603203;1585842;1622475;1699965;1472224;1542788;1509510;1627741;1695702;1935260;-;-;-;-;-;-;-;-;-;-;-;-;848839;946540;973124;1080541;1132965;1199351;5454739;5237389;5377897;5418814;5534843;5521183;660764;667892;673700;665548;664795;688980;5464084;5541860;5709084;5843533;5996371;6107620;2448330;2620857;2713062;2882107;3121522;3377042;9147863;9287302;9437888;9724213;9989649;10461712;3322522;3332208;3316568;3402810;3577700;3855277;70875;70000;71500;75000;74500;80000
Sorgo (em grão);-;-;-;-;-;-;-;-;-;-;-;-;-;-;-;-;-;-;-;200;-;-;-;-;5270;5472;4485;20651;20251;20537;-;-;-;-;-;-;26038;12962;22708;26661;29145;38853;11319;91830;105608;10855;9885;10000;514;18074;14131;30248;20237;11224;-;-;-;400;1000;2900;750;979;435;425;425;420;-;-;-;-;-;-;20;2955;410;2545;3045;335;-;53;370;390;304;304;-;30;-;-;-;-;70257;64921;60800;62174;67257;69037;175238;201706;216660;235588;227610;211685;-;-;-;-;-;-;-;-;-;-;-;-;25639;24366;30774;64896;55086;76401;-;100;100;100;1698;3127;-;-;-;-;-;-;5089;4016;4825;4103;3161;1855;8840;11160;5909;10300;9737;31355;80000;82126;68460;59088;60796;49266;208560;230727;258275;285577;360672;363308;3494;5000;7200;5000;10000;9000
Tangerina;50;100;45;64;95;80;221;219;207;197;200;201;102;90;71;76;54;58;5;14;120;51;53;47;489;707;436;976;991;114;-;-;-;-;-;-;2;8;6;5;5;6;31;-;-;-;-;-;-;-;-;-;-;-;379;370;340;324;343;349;6;6;-;-;-;-;1936;1846;1845;1821;1812;1812;-;-;-;-;-;-;30;69;104;144;165;154;480;277;480;431;433;449;795;946;1007;1024;1303;1449;8545;9541;12216;11433;12498;12969;1299;1308;1329;1278;1365;1389;1220;1440;1450;1474;1460;1585;11049;10628;10819;11085;10676;10345;9502;8631;8639;8786;8875;9027;926;860;690;663;811;786;11403;11643;11571;11758;13175;13388;101;122;139;120;119;206;49;89;72;69;80;82;957;1180;1061;976;1010;1030;121;174;116;116;116;116
Tomate;184;139;206;240;162;157;-;-;-;-;-;-;18;6;22;31;34;34;246;122;118;130;120;162;254;242;238;208;210;212;-;-;-;-;-;-;-;-;-;-;-;-;189;197;220;222;184;170;132;141;176;157;158;186;2532;2575;2398;2436;2500;2332;161;138;180;245;203;171;331;405;609;487;454;595;1761;1503;1287;1577;1526;1464;111;106;124;158;139;147;22;-;52;120;148;251;7096;5057;4643;4715;4223;4784;10304;7556;7320;7041;6921;7336;2527;2532;2629;2583;2618;2503;2444;2550;2325;2132;2278;2310;14835;12125;11075;11221;10090;9818;3841;4194;3996;3800;3642;3602;2794;2709;2555;2468;2518;2507;2324;2283;1960;2120;2092;2041;77;67;71;47;47;41;243;227;184;169;177;183;11457;16307;14682;12313;11369;10690;413;328;350;350;350;350
Trigo (em grão);-;-;-;-;-;-;-;-;-;-;-;-;-;-;-;-;-;-;-;-;-;-;-;-;-;-;-;-;-;-;-;-;-;-;-;-;-;-;-;-;-;-;-;-;-;-;-;-;-;-;-;-;-;-;-;-;-;-;5;18;-;-;-;-;-;-;-;-;-;-;-;-;-;-;-;-;-;-;-;-;-;-;-;-;-;-;-;-;-;-;3300;3229;4475;3000;3000;3032;81769;75052;71995;85578;94992;78059;-;-;-;-;-;-;-;-;-;-;-;-;103236;112086;109354;128577;142532;152475;1101814;944263;1099866;1035444;1117241;1154181;64325;51425;54841;48737;58367;96948;779045;691563;709558;760914;953832;1231978;20855;22893;20791;26844;34649;33330;-;-;-;-;-;120;12775;10535;17350;27605;26000;20503;420;1083;1900;2950;2500;3000
Triticale (em grão);-;-;-;-;-;-;-;-;-;-;-;-;-;-;-;-;-;-;-;-;-;-;-;-;-;-;-;-;-;-;-;-;-;-;-;-;-;-;-;-;-;-;-;-;-;-;-;-;-;-;-;-;-;-;-;-;-;-;-;-;-;-;-;-;-;-;-;-;-;-;-;-;-;-;-;-;-;-;-;-;-;-;-;-;-;-;-;-;-;-;-;-;-;-;-;-;-;1250;1200;1200;1020;-;-;-;-;-;-;-;-;-;-;-;-;-;3730;2840;1510;2173;4093;3963;9408;8405;7788;6681;7428;30278;834;1100;430;180;50;100;3091;2899;2198;2730;2615;3925;-;-;-;-;-;-;-;-;-;-;-;-;-;-;-;-;-;-;-;-;-;-;-;-
Tungue (fruto seco);-;-;-;-;-;-;-;-;-;-;-;-;-;-;-;-;-;-;-;-;-;-;-;-;-;-;-;-;-;-;-;-;-;-;-;-;-;-;-;-;-;-;-;-;-;-;-;-;-;-;-;-;-;-;-;-;-;-;-;-;-;-;-;-;-;-;-;-;-;-;-;-;-;-;-;-;-;-;-;-;-;-;-;-;-;-;-;-;-;-;-;-;-;-;-;-;-;-;-;-;-;-;-;-;-;-;-;-;-;-;-;-;-;-;-;-;-;-;-;-;-;-;-;-;-;-;-;-;-;-;-;-;74;73;67;67;64;64;-;-;-;-;-;-;-;-;-;-;-;-;-;-;-;-;-;-;-;-;-;-;-;-
Urucum (semente);2236;4065;3641;3343;1392;730;79;77;46;46;43;45;6;1;1;2;2;2;-;5;-;-;-;-;1248;1350;1318;1141;1015;977;-;-;-;-;-;-;-;-;-;-;-;-;53;26;22;-;3;-;-;-;-;-;-;-;69;68;70;80;81;82;-;-;-;-;-;-;433;428;413;405;377;355;113;108;112;97;87;69;-;-;-;-;-;-;-;-;-;-;-;-;1866;2196;2236;1904;1862;1907;719;478;550;755;904;1048;34;38;38;60;55;62;10;10;10;10;10;3;2749;3187;5468;5979;5656;5210;1069;1034;1084;1020;974;960;-;-;-;-;-;-;-;-;-;-;-;-;832;744;1162;1324;1040;830;249;119;200;291;272;270;-;-;-;-;-;-;-;-;-;-;-;-
Uva;27;25;30;30;26;17;-;-;-;-;-;-;-;-;-;-;-;-;-;-;-;-;-;-;-;-;-;-;-;-;-;-;-;-;-;-;-;1;1;1;1;1;-;-;-;-;-;-;10;10;8;1;5;4;36;36;21;23;26;19;2;2;3;3;2;2;132;132;132;132;130;130;6974;8437;8745;8806;8763;8838;-;-;-;-;-;-;-;-;-;-;-;-;2858;1961;1962;1926;2043;2486;830;895;1088;1213;1223;1299;154;196;198;188;212;198;16;17;17;20;19;20;7699;7348;7238;8023;8019;8639;4324;3888;3946;3638;3646;3583;4737;4426;4016;3955;3942;3937;49226;48397;46858;46671;46174;46350;9;8;7;6;5;5;56;50;53;53;52;52;146;71;100;106;91;93;63;68;57;57;57;57
Fonte: IBGE - Produção Agrícola Municipal;;;;;;;;;;;;;;;;;;;;;;;;;;;;;;;;;;;;;;;;;;;;;;;;;;;;;;;;;;;;;;;;;;;;;;;;;;;;;;;;;;;;;;;;;;;;;;;;;;;;;;;;;;;;;;;;;;;;;;;;;;;;;;;;;;;;;;;;;;;;;;;;;;;;;;;;;;;;;;;;;;